City,State,latitude,longitude
Alabaster,AL,33.2442813,-86.8163773
Birmingham,AL,33.5206824,-86.8024326
Cullman,AL,34.1335332,-86.8779268
Daphne,AL,30.6035255,-87.9036047
Decatur,AL,34.6617845,-87.0925170157593
Dothan,AL,31.2232313,-85.3904889
Florence,AL,34.79981,-87.677251
Foley,AL,30.4065868,-87.6835974
Gulf Shores,AL,30.297024,-87.6457412289458
Harvest,AL,34.8556441,-86.7508323
Huntsville,AL,34.729847,-86.5859011
Madison,AL,34.7736807,-86.5675095
Mobile,AL,30.6943566,-88.0430541
Montgomery,AL,32.3669656,-86.3006485
Opelika,AL,32.72667,-85.3924930459184
Orange Beach,AL,30.307016,-87.5758676872054
Robertsdale,AL,30.5538048,-87.7119324
Scottsboro,AL,34.6731323,-86.0338765
Smiths Station,AL,32.5401394,-85.0985474
Spanish Fort,AL,30.682923,-87.8502062833901
Springville,AL,33.8039395,-86.4941839723489
Trussville,AL,33.6196266,-86.6084342
Bella Vista,AR,-46.40585495,-67.6045865914759
Bentonville,AR,36.3728538,-94.2088172
Conway,AR,-32.8841955,-60.7242064
Fayetteville,AR,36.0625843,-94.1574328
Harrison,AR,36.2297936,-93.1076765
Little Rock,AR,34.7464809,-92.2895948
Rogers,AR,-51.6404112,-69.2210904
Sherwood,AR,-27.470573,-58.8540122
Springdale,AR,36.1867442,-94.1288142
Anthem,AZ,33.8613328,-112.1254665
Apache Junction,AZ,33.4150484,-111.5495439
Buckeye,AZ,33.377888,-112.572688055066
Camp Verde,AZ,34.5636358,-111.8543178
Carefree,AZ,33.8222752,-111.9175949
Casa Grande,AZ,32.8793816,-111.7575614
Cave Creek,AZ,33.8333716,-111.9507042
Chandler,AZ,33.3067132,-111.8408489
Cottonwood,AZ,34.7391876,-112.0098791
Dewey,AZ,34.5300253,-112.2412739
Flagstaff,AZ,35.199458,-111.6514259
Florence,AZ,33.0314508,-111.3873431
Gilbert,AZ,33.3528259,-111.7890239
Glendale,AZ,33.558997,-112.404683063895
Gold Canyon,AZ,33.3710715,-111.426184980175
Goodyear,AZ,33.4022515,-112.437519631803
Green Valkey,AZ,,
Green Valley,AZ,31.8484548,-111.026594507317
Litchfield Park,AZ,33.5140762,-112.362247726023
Marana,AZ,32.4446988,-111.2157091
Maricopa,AZ,33.34883,-112.49123
Mesa,AZ,33.436188,-111.586066176293
Oro Valley,AZ,32.3909071,-110.966488
Payson,AZ,34.2308684,-111.3251355
Peoria,AZ,33.5766205,-112.2398262
Phoenix,AZ,33.4485866,-112.0773456
Prescott,AZ,34.5402813,-112.469518
Prescott Valley,AZ,34.6100243,-112.315721
Queen Creek,AZ,33.221613,-111.585518785075
Rio Rico,AZ,31.4714828,-110.9764769
Sahuarita,AZ,31.9575818,-110.955646
Sahurita,AZ,,
San Tan Valley,AZ,33.1775233,-111.5478925
Scottsdale,AZ,33.5091215,-111.8992365
Sierra Vista,AZ,31.5545401,-110.3036929
Sun City,AZ,33.6290111,-112.2819337
Sun City West,AZ,33.6619813,-112.3412695
Surprise,AZ,33.6292271,-112.3680189
Tempe,AZ,33.4144139,-111.9094474
Tubac,AZ,31.629527,-111.05406916905
Tucson,AZ,32.2218917,-110.9262353
Agoura Hills,CA,34.1363945,-118.7745348
Alameda,CA,49.266667,-102.283333
Albany,CA,53.6326034,-113.548554212855
Alhambra,CA,34.093042,-118.12706
Aliso Viejo,CA,33.5761376,-117.7258122
Anaheim,CA,33.8347516,-117.911732
Angels Camp,CA,38.0682555,-120.5396456
Antioch,CA,38.0049214,-121.805789
Auburn,CA,45.0177739,-64.8687417
Azusa,CA,34.1338751,-117.9056046
Bakersfield,CA,35.3738712,-119.0194639
Bellflower,CA,33.8825705,-118.1167679
Benicia,CA,38.049365,-122.1585777
Berkeley,CA,44.3669375,-80.7272504
Beverly Hills,CA,43.26083105,-79.8964650794964
Brea,CA,33.9170444,-117.8888557
Brentwood,CA,51.0930748,-114.1260514
Burbank,CA,34.1816482,-118.3258554
Burlingame,CA,37.5841026,-122.3660825
Calabasas,CA,34.1446643,-118.6440973
Camarillo,CA,34.2163939,-119.0376024
Canoga Park,CA,34.2010776,-118.5978259
Carlsbad,CA,33.1580933,-117.3505966
Carmichael,CA,50.04247245,-108.649948686812
Cathedral City,CA,33.7810031,-116.4640765
Chico,CA,45.5484418,-73.5428
Chula Vista,CA,32.6400541,-117.0841955
Citrus Heights,CA,38.7071247,-121.2810611
Claremont,CA,45.6845106,-63.9637863
Coarsegold,CA,37.2621687,-119.7009834
Concord,CA,45.452798,-62.7905136
Corona,CA,49.198057,-124.087538
Costa Mesa,CA,33.6633386,-117.903317
Cotati,CA,38.3266798,-122.7068441
Cupertino,CA,37.3228934,-122.0322895
Cypress,CA,48.4737582,-123.538222796905
Dana Point,CA,33.4669721,-117.6981075
Danville,CA,45.785278,-72.0158562
Davis,CA,53.1103334,-105.6567239
Del Mar,CA,32.9594891,-117.2653146
Desert Hot Springs,CA,33.961124,-116.5016784
Diamond Bar,CA,34.0286226,-117.8103367
Dublin,CA,43.4984009,-81.2911804
El Cajon,CA,32.7947731,-116.9625269
El Dorado Hills,CA,38.67950505,-121.059366048901
El Monte,CA,44.2434162,10.8186516
El Segundo,CA,33.912594,-118.383179
Elk Grove,CA,38.4087993,-121.3716178
Encinitas,CA,33.0369867,-117.2919818
Encino,CA,34.1591324,-118.5016166
Escondido,CA,33.1216751,-117.0814849
Fair Oaks,CA,39.3784978,-123.3413984
Fairfield,CA,45.9200568,-64.4644756
Fallbrook,CA,44.9561407,-76.3912672
Folsom,CA,38.6779591,-121.1760583
Fontana,CA,34.0922335,-117.435048
Fremont,CA,49.2850624,-123.135817450772
Fresno,CA,36.7295295,-119.708861260756
Fullerton,CA,33.8708215,-117.9294165
Galt,CA,43.3614741,-80.3116778
Garden Grove,CA,49.5091225,-96.8780139
Gardena,CA,33.888658,-118.307648
Goleta,CA,34.4358295,-119.8276389
Grass Valley,CA,39.2086655,-121.053123077412
Hayward,CA,48.8032735,-123.7244026
Hemet,CA,33.778562,-117.035766636246
Hesperia,CA,34.4263886,-117.3008784
Highland,CA,43.4403252,-80.5031726
Huntington Beach,CA,33.6783336,-118.0000166
Indio,CA,33.7192808,-116.2188054
Inglewood,CA,51.0387997,-114.0274889
Irvine,CA,49.9584438,-110.2732606
Kingsburg,CA,44.2727754,-64.2586595108579
La Canada,CA,61.0666922,-107.9917071
La Canada Flintridge,CA,34.1998302,-118.2005236
La Habra,CA,33.9330156,-117.944777
La Jolla,CA,32.8335005,-117.2616203
La Mesa,CA,50.675786,-120.424031
La Mirada,CA,33.9060971,-118.0107092
La Quinta,CA,33.677474,-116.2958789
La Verne,CA,34.1008426,-117.7678355
Ladera Ranch,CA,33.5510165,-117.6385401
Lafayette,CA,37.8857582,-122.1180201
Laguna Beach,CA,53.4453765,-113.402912433547
Laguna Hills,CA,33.5948758,-117.6882067
Laguna Niguel,CA,33.5225261,-117.7075526
Laguna Woods,CA,33.6106076,-117.7249722
Lake Elsinore,CA,33.6680772,-117.3272615
Lancaster,CA,45.1412642,-74.4984059
Lincoln,CA,43.17354645,-79.4160041387348
Lodi,CA,45.2232055,-75.0073385
Loma Linda,CA,34.0754897,-117.249898424974
Lomita,CA,33.8036545,-118.3195014
Long Beach,CA,44.4567705,-78.7359702
Los Altos,CA,37.3790629,-122.116578
Los Angeles,CA,34.054935,-118.244476
Magalia,CA,39.8219895,-121.610654486577
Manteca,CA,37.7986184,-121.2117148
March Air Reserve Base,CA,33.8841155,-117.254826424302
Marina Del Rey,CA,36.9225615,-121.8517849
Merced,CA,37.3029568,-120.4843269
Mission Viejo,CA,33.5965685,-117.659405
Modesto,CA,37.6390972,-120.9968782
Monrovia,CA,34.1483499,-118.0014517
Montecito,CA,43.6475185,-79.3909735
Moreno Valley,CA,33.937517,-117.2305944
Morgan Hill,CA,45.8641932,-65.576117
Mountain View,CA,45.5073725,-73.6050824
Murrieta,CA,33.5777524,-117.188454202053
N. Hollywood,CA,34.1729044,-118.3740371
Napa,CA,46.6715791,-71.339169
Newport Beach,CA,53.44429955,-113.403763676959
North Highlands,CA,38.6710975,-121.387953818046
North Hills,CA,34.239054,-118.478622
North Hollywood,CA,34.1729044,-118.3740371
Northridge,CA,49.7031267,-123.1378341
Novato,CA,38.1061979,-122.5681191
Oakdale,CA,42.7087245,-82.0390861
Oakhurst,CA,37.333178,-119.657244122836
Oakland,CA,43.0317491,-80.3310713
Oceanside,CA,33.1958696,-117.3794834
Ontario,CA,50.000678,-86.000977
Orange,CA,45.843838,-74.041871
Oxnard,CA,34.1976308,-119.1803818
Palm Desert,CA,33.7288179,-116.3825711
Pasadena,CA,49.0139234,-57.5986531
Paso Robles,CA,35.6267654,-120.6912456
Perris,CA,33.7825194,-117.2286478
Petaluma,CA,38.270022,-122.606122413043
Pittsburg,CA,38.0181745,-121.8901232
Playa Del Rey,CA,33.9550828,-118.4367496
Pleasanton,CA,37.6624312,-121.8746789
Pollock Pines,CA,38.7497125,-120.577664468816
Poway,CA,32.9628234,-117.0358646
Ramona,CA,46.75674585,-71.3769379200322
Rancho Cucamonga,CA,34.1033192,-117.5751735
Rancho Mirage,CA,33.763346,-116.4228596
Rancho Palos Verdes,CA,33.7483311,-118.3707683
Rancho Santa Margarita,CA,33.6408845,-117.6029341
Redlands,CA,34.0707195,-117.099505678628
Redwood City,CA,37.4863239,-122.2325233
Reseda,CA,34.2011156,-118.5364742
Rio Linda,CA,38.6873975,-121.459377525969
Ripon,CA,45.7831185,-75.0997632
Riverside,CA,42.766156,-81.526093
Rocklin,CA,45.496084,-62.7787413
Rosamond,CA,34.8641446,-118.1634075
Roseville,CA,43.3414752,-80.4759309
Sacramento,CA,38.5815719,-121.4943996
San Francisco,CA,45.4423543,-73.4373087
San Bernardino,CA,34.1083449,-117.2897652
San Carlos,CA,37.504936,-122.2618236
San Clemente,CA,33.4270275,-117.6124179
San Diego,CA,32.7174209,-117.1627714
San Dimas,CA,34.1066756,-117.8067257
San Gabriel,CA,34.0991325,-118.1086041
San Jacinto,CA,33.7839084,-116.958635
San Jose,CA,37.3361905,-121.8905833
San Leandro,CA,37.7249296,-122.1560768
San Luis Obispo,CA,35.2827525,-120.6596156
San Pedro,CA,33.7358518,-118.2922934
San Rafael,CA,37.9735346,-122.5310874
San Ramon,CA,37.7799273,-121.9780153
Santa Ana,CA,33.7494951,-117.8732213
Santa Clara,CA,37.034583193882,-121.517372158299
Santa Cruz,CA,40.2139237,-8.4335089
Santa Maria,CA,38.7653134,-7.7156732
Santa Monica,CA,46.724362,-75.559685
Santa Paula,CA,34.3541659,-119.0592705
Santa Rosa,CA,49.26334935,-123.10250585
Sherman Oaks,CA,34.1508718,-118.4489865
Signal Hill,CA,47.5721305,-52.6803673
Simi Valley,CA,34.2694474,-118.781482
Sonora,CA,45.0600582,-61.9013365
Soulsbyville,CA,37.994726,-120.261640256778
Stockton,CA,49.583333,-99.45
Sunnyvale,CA,37.3688301,-122.0363496
Temecula,CA,33.4946353,-117.1473661
Thousand Oaks,CA,34.17142715,-118.910587729744
Torrance,CA,44.9955309,-79.5692407
Tracy,CA,45.6735384,-66.6845417
Tustin,CA,33.7458511,-117.826166
Union City,CA,37.5963232,-122.0816297
Upland,CA,34.09751,-117.6483876
Vacaville,CA,38.3565773,-121.9877444
Valencia,CA,43.78781975,-79.44753650671
Vallejo,CA,38.1040864,-122.2566367
Valley Center,CA,51.8,-107.85
Venice,CA,54.698056,-112.147222
Ventura,CA,53.3479495,-110.857334550843
Vista,CA,49.8238186,-97.1074436
Walnut Creek,CA,43.5936451,-79.5280653
Warner Springs,CA,33.2822596,-116.6336303
Westlake Village,CA,55.2245338,-118.8126004
Westminster,CA,42.8864294,-81.2392213
Whittier,CA,33.9748932,-118.0336975
Wildomar,CA,33.5939372,-117.2414989
Winters,CA,38.5249065,-121.9708017
Woodland,CA,43.0001747,-82.3881944
Woodland Hills,CA,48.8265445,-123.6264973
Yorba Linda,CA,33.8901096,-117.8249705
Yuba City,CA,39.1404477,-121.6169108
Arvada,CO,39.8211225,-105.220742990446
Aurora,CO,39.729432,-104.8319196
Boulder,CO,40.0149856,-105.2705456
Breckenridge,CO,39.4816537,-106.0383518
Brighton,CO,39.907048,-104.837355164488
Broomfield,CO,39.9379892,-105.0587294
Calhan,CO,39.0355459,-104.297186
Castle Rock,CO,39.3724232,-104.8586706
Colorado Springs,CO,38.8339578,-104.8253485
Commerce City,CO,39.8389525,-104.922045785116
Conifer,CO,39.5233424,-105.3054994
Denver,CO,39.7391428,-104.984696
Elizabeth,CO,39.3602863,-104.59687
Englewood,CO,39.6482059,-104.9879641
Erie,CO,40.0146297,-105.103951096845
Evergreen,CO,39.6361637,-105.321457978674
Firestone,CO,40.1124839,-104.9366436
Florence,CO,38.3902777,-105.1185988
Fort Collins,CO,40.5508527,-105.0668085
Fountain,CO,38.655886,-104.73339323318
Ft Worth,CO,32.753177,-97.3327459
Glenwood Springs,CO,39.5507448,-107.3255001
Golden,CO,39.755543,-105.2210997
Golden/Arvada,CO,39.811788,-105.1358288
Grand Junction,CO,39.063956,-108.5507317
Greeley,CO,40.4233142,-104.7091322
Green Mountain Falls,CO,38.9348446,-105.0166359
Highlands Ranch,CO,39.5538771,-104.9694264
La Veta,CO,6.394382,-75.516459
Lafayette,CO,39.9935959,-105.0897058
Lakewood,CO,39.6311085,-105.11005818223
Littleton,CO,39.613321,-105.0166498
Lone Tree,CO,39.5360997,-104.8963682
Longmont,CO,40.1672117,-105.1019287
Louisville,CO,39.977763,-105.1319296
Loveland,CO,40.3977612,-105.0749801
Manitou Springs,CO,38.8585777,-104.9178731
Milliken,CO,40.3294268,-104.85525
Monument,CO,39.0916586,-104.872758
Morrison,CO,39.6535988,-105.1910996
Northglenn,CO,39.9100858,-104.9875529
Palmer Lake,CO,39.1222138,-104.917204
Parker,CO,39.5184514,-104.7612638
Peyton,CO,39.0288809,-104.4830238
Pueblo,CO,38.2544472,-104.609141
Pueblo West,CO,38.3229862,-104.741617
Steamboat Springs,CO,40.4848003,-106.8317359
Strasburg,CO,39.7320327,-104.349260197106
Superior,CO,39.9527634,-105.1685977
Thornton,CO,39.8695516,-104.9851819
U.S. Air Force Academy,CO,39.01309085,-104.886875611086
Westminster,CO,39.8366528,-105.0372046
Wheat Ridge,CO,39.766098,-105.0772063
Windser,CO,31.529784,-87.883926
Windsor,CO,40.4774818,-104.9013617
Woodland Park,CO,38.9938016,-105.0570457
Ansonia,CT,41.3429922,-73.0787468
Avon,CT,41.8098209,-72.8306541
Bethel,CT,41.3712063,-73.4140097
Branford,CT,41.2795414,-72.8150989
Bridgeport,CT,41.1670412,-73.2048348
Bristol,CT,41.6845299,-72.9413957722443
Brookfield,CT,41.4825947,-73.4095652
Canterbury,CT,41.6984319,-71.9709075
Danbury,CT,41.394817,-73.4540111
Darien,CT,41.0787079,-73.4692873
East Hartford,CT,41.7623342,-72.6204092070236
East Lyme,CT,43.809756,-72.156143
Enfield,CT,41.9789387,-72.5755109
Fairfield,CT,41.2943069,-73.37486
Farmington,CT,41.7198216,-72.8320435
Glastonbury,CT,41.7123218,-72.608146
Greenwich,CT,41.0264862,-73.6284598
Hamden,CT,41.3959287,-72.8968716
Hartford,CT,41.7645491,-72.6908673
Jewett City,CT,41.607151,-71.9816817665824
Madison,CT,41.2794282,-72.5983151
Manchester,CT,41.7834017,-72.5231973
Middletown,CT,41.5623209,-72.6506488
Milford,CT,41.2222218,-73.0570603
Naugatuck,CT,41.4860186,-73.0509432
New Haven,CT,41.3082138,-72.9250518
New Milford,CT,41.5867418,-73.4117653831255
Newington,CT,41.6978777,-72.7237063
North Stonington,CT,41.4409323,-71.8811827
Norwalk,CT,41.1175966,-73.4078968
Oxford,CT,41.4351795,-73.1172769
Pomfret Center,CT,41.88732,-71.962018
Ridgefield,CT,41.2814842,-73.4981792
Shelton,CT,41.3164856,-73.0931641
South Windsor,CT,41.8489872,-72.5717551
Southbury,CT,41.4814848,-73.2131693
Stamford,CT,41.0534302,-73.5387341
Stratford,CT,41.1845415,-73.1331651
Torrington,CT,41.8006523,-73.1212214
Unionville,CT,41.7578769,-72.8862121
Vernon Rockville,CT,41.8667645,-72.4495287
Wallingford,CT,41.4570418,-72.8231552
West Hartford,CT,41.7620447,-72.7420399
West Haven,CT,41.2706527,-72.9470471
Washington,DC,38.8949549,-77.0366456
Bridgeville,DE,38.7427231,-75.6032026
Claymont,DE,39.8006685,-75.4596404
Dover,DE,39.158168,-75.5243682
Harbeson,DE,38.7248347,-75.2849123
Lewes,DE,38.7745565,-75.1393498
Middletown,DE,39.449556,-75.7163207
Millsboro,DE,38.5915023,-75.2913018
Milton,DE,38.7777898,-75.3102239
New Castle,DE,39.6159851,-75.662956
Newark,DE,39.6852191,-75.7508289
Wilmington,DE,39.7459468,-75.546589
Long Neck,DE,38.6213304,-75.1456912
Altamonte Springs,FL,28.6649055,-81.376268613721
Apollo Beach,FL,27.7738118,-82.4073116
Atlantic Beach,FL,30.342165,-81.3703702773196
Bradenton,FL,27.4989278,-82.5748194
Brandon,FL,27.937801,-82.2859247
Boca Raton,FL,26.3586885,-80.0830984
Bonita Springs,FL,26.3525758,-81.8211122
Boynton Beach,FL,26.5253491,-80.0664309
Brooksville,FL,28.5552719,-82.3878709
Bunnell,FL,29.4657731,-81.2576832
Bushnell,FL,28.6644827,-82.1117399
Callaway,FL,30.141609,-85.5793449917145
Cape Coral,FL,26.6059432,-81.9806771
Clearwater,FL,27.9658533,-82.8001026
Clermont,FL,28.5395705,-81.7521986811927
Cocoa,FL,28.3861159,-80.7419984
Coral Springs,FL,26.26485615,-80.2653420379876
Crestview,FL,30.7621326,-86.5705084
Crystal River,FL,28.902479,-82.5926012
Davenport,FL,28.1614046,-81.6017417
Daytona Beach,FL,29.2108147,-81.0228331
Deland,FL,29.0283213,-81.3031098
Deerfield Beach,FL,26.318342,-80.0996306
Defuniak Springs,FL,30.7210227,-86.1152184
Delray Beach,FL,26.4614625,-80.0728201
Deltona,FL,28.9005446,-81.2636738
Destin,FL,30.3935337,-86.4957834
Dunedin,FL,28.0461214,-82.7967198943855
Ellenton,FL,27.5223985,-82.5447495674376
Englewood,FL,26.9620053,-82.3525952
Estero,FL,26.438136,-81.8067524
Fernandina Beach,FL,30.6696818,-81.4625919
Flagler Beach,FL,29.4749927,-81.1269982
Fleming Island,FL,30.0932963,-81.7189835
Fort Lauderdale,FL,26.1223084,-80.1433786
Fort Myers,FL,26.640628,-81.8723084
Fort Pierce,FL,27.4467056,-80.3256056
Fort Walton Beach,FL,30.4057552,-86.618842
Ft. Lauderdale,FL,26.1223084,-80.1433786
Gulf Breeze,FL,30.3571438,-87.1638574
Gulfport,FL,27.746197,-82.71272298
Hernando,FL,28.5710156,-82.4605068
Hollywood,FL,26.0112014,-80.1494901
Homestead,FL,25.4718946,-80.4759905
Hudson,FL,28.3617709,-82.6932847
Inverness,FL,28.8358176,-82.3303715
Islamorada,FL,24.9242995,-80.6278404
Jacksonville,FL,30.3321838,-81.655651
Jensen Beach,FL,27.2379528,-80.2389898890257
Key Largo,FL,25.087035,-80.4472392
Keystone Heights,FL,29.7860769,-82.0314892
Kissimmee,FL,28.2918995,-81.4075838
Lakeland,FL,28.0394654,-81.9498042
Lake Mary,FL,28.756618,-81.3388838221417
Lake Suzy,FL,27.0381125,-82.0370322
Lake Worth,FL,26.6159698,-80.0569927
Lakewood Ranch,FL,32.7154685,-95.1888858
Land O Lakes,FL,28.2188992,-82.4575938
Largo,FL,27.9094665,-82.7873244
Lecanto,FL,28.8516486,-82.4875982
Leesburg,FL,28.810823,-81.8778582
Lehigh Acres,FL,26.6040585,-81.6581333096742
Lithia,FL,27.8651063,-82.2268749493648
Longwood,FL,28.7007225,-81.3492779714387
Lutz,FL,28.1300994,-82.4591842407094
Melbourne,FL,28.0836269,-80.6081089
Miami,FL,25.7742658,-80.1936589
Miami Beach,FL,25.7929198,-80.1353006
Miami Springs,FL,25.82184795,-80.2927081391561
Milton,FL,30.6324149,-87.0396881
Miramar,FL,25.97591145,-80.3347212811522
Naples,FL,26.1420358,-81.7948103
Navarre,FL,30.4019789,-86.8700821
New Port Richey,FL,28.247132,-82.7170238901345
New Smyrna Beach,FL,29.0258191,-80.9269984
Niceville,FL,30.522651,-86.4914530248795
North Port,FL,27.044224,-82.2359254
Ocala,FL,29.1871986,-82.1400923
Ocoee,FL,28.537782,-81.5448362389682
Oldsmar,FL,28.06906015,-82.6501914927811
Orange City,FL,28.9488761,-81.2986741
Orange Park,FL,30.1654707,-81.7016346
Orlando,FL,28.5423999,-81.3794368
Ormond Beach,FL,29.2854132,-81.0557921
Osprey,FL,27.1961627,-82.4903748
Oviedo,FL,28.6593925,-81.2046904649668
Oxford,FL,28.9275357,-82.0373326
Palm Beach Gardens,FL,26.84176195,-80.1353088134005
Palm Bay,FL,28.0331886,-80.6429695
Palm Coast,FL,29.5541432,-81.2207673
Palm Harbor,FL,28.0780718,-82.7637127
Palmetto,FL,27.5278065,-82.5836069572292
Panama City,FL,30.1600827,-85.6545729
Panama City Beach,FL,30.1765914,-85.8054879
Parrish,FL,27.5875357,-82.4250941
Pembroke Pines,FL,26.02322025,-80.3412390662562
Pensacola,FL,30.421309,-87.2169149
Pinellas Park,FL,27.8599115,-82.7043783401824
Plant City,FL,28.023544,-82.1272021224553
Plantation,FL,26.1265258,-80.257861237651
Polk City,FL,28.1825147,-81.8239676
Pompano Beach,FL,26.2378597,-80.1247667
Ponte Vedra Beach,FL,30.2396865,-81.3856384
Port Charlotte,FL,26.9761707,-82.0906448
Port Richey,FL,28.2716755,-82.7195451
Port Saint Lucie,FL,27.2939333,-80.3503283
Port St. John,FL,28.4769458,-80.7886657
Punta Gorda,FL,26.9297836,-82.0453664
Riverview,FL,27.871197,-82.3269883
Sunrise,FL,26.1482449,-80.3288859410087
Safety Harbor,FL,28.013675,-82.6965431018371
Saint Augustine,FL,29.8946952,-81.3145395
Saint Cloud,FL,28.2498534,-81.2839038
Saint Petersburg,FL,27.7703796,-82.6695085
Sanford,FL,28.8117179,-81.2680328
Santa Rosa Beach,FL,30.3466423,-86.2307992
Sarasota,FL,27.3364347,-82.5306527
Satellite Beach,FL,28.1761233,-80.5900519
Sea Ranch Lakes,FL,26.2008949,-80.0981785260163
Sebring,FL,27.4957453,-81.4410425
South Daytona,FL,29.167082,-81.0056545601769
Spring Hill,FL,28.5558273,-82.4503732
St Augustine,FL,29.8946952,-81.3145395
St. Augustine,FL,29.8946952,-81.3145395
St. Petersburg,FL,27.7703796,-82.6695085
Summerfield,FL,29.0085924,-82.0348092
Sun City Center,FL,27.718086,-82.351759
Tallahassee,FL,30.4380832,-84.2809332
Tamarac,FL,26.2052115,-80.2710556635621
Tampa,FL,27.9477595,-82.458444
Tavares,FL,28.7886715,-81.7689119854132
Temple Terrace,FL,28.0352964,-82.3892596
The Villages,FL,28.9468504,-81.9533443
Titusville,FL,28.6122187,-80.8075538
Valrico,FL,27.9484265,-82.2362154522052
Venice,FL,27.0998708,-82.4544132
Vero Beach,FL,27.6387163,-80.3975399
Viera,FL,28.2428107,-80.7302432
Williston,FL,29.3880028,-82.4481694
Wellington,FL,26.6586779,-80.2414357
Wesley Chapel,FL,28.1866014,-82.3661209690332
West Palm Bch,FL,26.7153425,-80.0533746
West Palm Beach,FL,26.7153425,-80.0533746
Weston,FL,26.103632,-80.403101981737
Wildwood,FL,28.865264,-82.0389743
Wimauma,FL,27.7125308,-82.2989803
Winter Garden,FL,28.5502685,-81.5925974608596
Winter Haven,FL,28.0222435,-81.7328568
Winter Park,FL,28.6000625,-81.3427438436485
Winter Springs,FL,28.693322,-81.2885095550076
Yulee,FL,30.627848,-81.5902278131803
Acworth,GA,34.0659329,-84.6768796
Albany,GA,31.5782062,-84.1556809
Alpharetta,GA,34.0709576,-84.2747329
Athens,GA,33.9597677,-83.376398
Atlanta,GA,33.7490987,-84.3901849
Augusta,GA,33.4709714,-81.9748429
Bainbridge,GA,30.9038252,-84.5754768
Ball Ground,GA,34.6520285,-84.7602153
Blairsville,GA,34.8759067,-83.958371
Braselton,GA,34.1092735,-83.7626729
Brookhaven,GA,33.8584368,-84.340203
Brunswick,GA,31.1499528,-81.4914894
Buford,GA,34.1206564,-84.0043513
Canton,GA,34.2367621,-84.4907621
Carrollton,GA,33.5801103,-85.0766113
Cartersville,GA,34.1650972,-84.7999383
Centerville,GA,32.630145,-83.6896285
Chamblee,GA,33.892176,-84.2988296
College Park,GA,33.6534427,-84.4493725
Columbus,GA,32.4609764,-84.9877094
Conyers,GA,33.6676103,-84.0176904
Covington,GA,33.5967815,-83.8601827
Cumming,GA,34.2073196,-84.1401926
Cuthbert,GA,31.7712748,-84.7893658
Dacula,GA,33.9887165,-83.8979573
Dallas,GA,33.9237141,-84.8407732
Decatur,GA,33.7737582,-84.296069
Douglasville,GA,33.7514966,-84.7477136
Duluth,GA,34.0028569,-84.1441046
Dunwoody,GA,33.9430886,-84.3097487128839
Ellijay,GA,34.6950278,-84.4827394
Evans,GA,32.1613648,-81.8980725
Fayetteville,GA,33.4487257,-84.4549262
Flowery Branch,GA,34.177895,-83.930062
Gainesville,GA,34.2978794,-83.8240663
Griffin,GA,33.2467807,-84.2640904
Grovetown,GA,33.4504157,-82.1981764
Hahira,GA,30.9913064,-83.3726575
Hampton,GA,33.3870578,-84.2829784
Hoschton,GA,34.096496,-83.7612839
Hull,GA,34.0148352,-83.2937659
Jasper,GA,33.3254635,-83.6868559
Jefferson,GA,33.0380388,-82.436141
Jesup,GA,31.6074365,-81.8853924
Johns Creek,GA,34.0181557,-84.190196
Kathleen,GA,32.495294,-83.6099696
Kennesaw,GA,34.0234337,-84.6154897
Lagrange,GA,33.039291,-85.0313269
Lakemont,GA,34.7820378,-83.4162755
Lawrenceville,GA,33.9562149,-83.9879625
Leesburg,GA,32.5362511,-84.8957642
Lilburn,GA,33.8901036,-84.1429719
Lincolnton,GA,33.7923477,-82.479018
Lithia Springs,GA,33.7939953,-84.6604899
Lithonia,GA,33.7123305,-84.1051939
Loganville,GA,33.8389977,-83.9007382
Mableton,GA,33.8188333,-84.5822632
Macon,GA,32.8406946,-83.6324022
Manchester,GA,32.8598538,-84.6199251
Marietta,GA,33.9528472,-84.5496148
Martinez,GA,33.5185135,-82.0902082166508
Mcdonough,GA,33.4473361,-84.1468616
Midway,GA,31.805769,-81.4306642
Morganton,GA,34.8755802,-84.2441114
Morrow,GA,33.5831662,-84.3393683
Newnan,GA,33.3806716,-84.7996573
Norcross,GA,33.9412127,-84.2135309
Peachtree City,GA,33.3967829,-84.5957629
Peachtree Corners,GA,33.9701009,-84.2215869
Pooler,GA,32.1158983,-81.2495131
Port Wentworth,GA,32.149092,-81.1631681
Powder Springs,GA,33.8595492,-84.683824
Reidsville,GA,32.0868611,-82.1178978
Richmond Hill,GA,31.9382652,-81.3034433
Rome,GA,34.257038,-85.1646726
Roswell,GA,34.02332,-84.360022
Rydal,GA,34.3429729,-84.7176509
Saint Simons Island,GA,31.2182863,-81.3612077
Sandy Springs,GA,33.9242688,-84.3785379
Savannah,GA,32.0835407,-81.0998342
Smyrna,GA,33.5981814,-83.4048862
Snellville,GA,33.857328,-84.0199108
Stockbridge,GA,33.5442781,-84.2338093
Sugar Hill,GA,34.1064895,-84.0335197
Suwanee,GA,34.0514898,-84.0712997
Sylvania,GA,32.7504441,-81.636776
Tucker,GA,33.851464,-84.2237499358781
Tyrone,GA,33.6723506,-82.8612563
Valdosta,GA,30.8327022,-83.2784851
Warner Robins,GA,32.598313,-83.6256770145824
Winder,GA,33.9919085,-83.7184368
Woodstock,GA,34.1014112,-84.5192192
Council Bluffs,IA,41.2621283,-95.8613912
Sumner,IA,42.8488865,-92.0970758
Boise,ID,43.61656,-116.200835
Caldwell,ID,43.6678736,-116.6894156
Coeur D Alene,ID,47.7066144,-116.8551
Coeur D'Alene,ID,47.6776832,-116.7804664
Emmett,ID,43.8734979,-116.4993012
Hayden Lake,ID,47.7587944,-116.7568579
Idaho Falls,ID,43.4935245,-112.0400919
Meridian,ID,43.6086295,-116.392326
Rathdrum,ID,47.8111746,-116.8968861
Smelterville,ID,47.5426994,-116.1815561
Alsip,IL,41.6689223,-87.7386619
Arlington Heights,IL,42.0812678,-87.9800662
Atkinson,IL,31.3030105,-82.8839362
Aurora,IL,41.7571701,-88.3147539
Barrington,IL,42.1539141,-88.1361888
Bartlett,IL,41.9908485,-88.1850028
Batavia,IL,-6.1753942,106.827183
Belleville,IL,38.5200504,-89.9839935
Belvidere,IL,42.2579991,-88.841734
Bensenville,IL,41.9538384,-87.9431781
Berwyn,IL,41.8505874,-87.7936685
Bolingbrook,IL,41.7003302,-88.0717708
Bourbonnais,IL,41.1639309,-87.8839693
Brookfield,IL,41.8228378,-87.848085
Chicago,IL,41.8755546,-87.6244212
Calumet City,IL,41.616016,-87.5295837
Carbondale,IL,37.7274692,-89.216655
Champaign,IL,40.1164205,-88.2433829
Collinsville,IL,38.6703267,-89.9845476
Country Club Hills,IL,41.5680898,-87.7203257
Crete,IL,35.2788061,24.9342885396631
Crystal Lake,IL,42.2411344,-88.3161965
Darien,IL,41.0787079,-73.4692873
Decatur,IL,39.8454163,-88.9524151
Deerfield,IL,42.1711365,-87.8445119
Dekalb,IL,41.9294736,-88.7503647
Downers Grove,IL,41.7938195,-88.010376
Dundee,IL,56.4605938,-2.97019
East Dundee,IL,42.0989145,-88.2714689
Elgin,IL,42.03726,-88.2810994
Elmhurst,IL,41.8994745,-87.9403418
Evanston,IL,42.0447388,-87.6930459
Fairview Heights,IL,25.0206281,-77.3588164127835
Forest Park,IL,45.56146795,-122.758580575807
Galena,IL,42.4157304,-90.4294726
Geneva,IL,46.2017559,6.1466014
Girard,IL,33.0404323,-81.7120567
Glen Ellyn,IL,41.8775293,-88.0670118
Glencoe,IL,42.1350268,-87.7581188
Glenview,IL,42.0700662,-87.8114044
Grayslake,IL,42.3433518,-88.0412192
Gurnee,IL,42.3702996,-87.9020186
Highland,IL,57.5066357,-5.0038367
Highland Park,IL,25.06425655,-77.3750775105155
Hinsdale,IL,41.8024604,-87.9299841
Hoffman Estates,IL,42.0426639,-88.079871
Homewood,IL,44.65592325,-75.5881667806019
Huntley,IL,42.1722503,-88.42692
Itasca,IL,47.4968343,-93.6225663
Joliet,IL,41.5263603,-88.0840212
La Grange,IL,41.8054577,-87.8748644
Lake Villa,IL,42.4169651,-88.0739708
Lansing,IL,42.7337712,-84.5553805
Libertyville,IL,42.2830786,-87.9531303
Lisle,IL,47.0618839,5.8157352
Lombard,IL,41.8800296,-88.0078435
Lyons,IL,41.811108,-87.8232695
Mascoutah,IL,38.490327,-89.793154
Matteson,IL,41.5039235,-87.7131018
Mccook,IL,40.201542,-100.625654
Mchenry,IL,42.3294391,-88.4605713
Mokena,IL,41.5261437,-87.8892189
Morton,IL,40.6127349,-89.459323
Mossville,IL,40.8155926,-89.5678728
Mount Prospect,IL,42.0664167,-87.9372908
Mt Prospect,IL,42.0664167,-87.9372908
Mundelein,IL,42.263079,-88.0039653
Naperville,IL,41.7728659,-88.1478527
New Baden,IL,38.5349571,-89.7007595
O Fallon,IL,58.4388826,11.8168773783069
O'Fallon,IL,38.5922715,-89.9112124
Oak Lawn,IL,41.7108662,-87.7581081
Oak Park,IL,41.8878145,-87.7887615
Orangeville,IL,43.9194098,-80.0988238
Orland Park,IL,41.6303103,-87.8539425
Oswego,IL,41.6789932,-88.3550216
Palatine,IL,42.1105779,-88.0336888
Park Ridge,IL,42.0111412,-87.8406192
Pekin,IL,39.9059631,116.391248
Peoria,IL,40.6938609,-89.5891008
Plainfield,IL,41.623191,-88.2284325789041
River Forest,IL,41.8978091,-87.8139483
Rockford,IL,42.2713945,-89.093966
Rolling Meadows,IL,42.0841936,-88.0131275
Romeoville,IL,41.6475306,-88.0895061
Roselle,IL,41.9847505,-88.0797933
Round Lake,IL,42.353355,-88.0934145
Saint Charles,IL,41.9139556,-88.31249
Schaumburg,IL,42.0333608,-88.083406
Shiloh,IL,38.5614383,-89.8973233
Shorewood,IL,43.0883957,-87.8881302
So. Beloit,IL,,
South Elgin,IL,41.9941938,-88.2922996
Springfield,IL,39.7989763,-89.6443688
Streator,IL,41.1210446,-88.835256
Sugar Grove,IL,41.7614181,-88.443686
Sycamore,IL,41.9889173,-88.6867538
Tinley Park,IL,41.5733669,-87.7844944
Urbana,IL,40.1117174,-88.207301
Vernon Hills,IL,42.2204892,-87.9803604
Warrenville,IL,41.8178407,-88.1733545
Washington,IL,38.8949549,-77.0366456
Waterloo,IL,43.466874,-80.524635
Waukegan,IL,42.3636331,-87.8447938
Westmont,IL,41.7950525,-87.9751964
Wheaton,IL,41.8646959,-88.1101709
Wheeling,IL,42.1250895,-87.9292806729976
Winfield,IL,37.2397486,-96.9955919
Woodridge,IL,41.7563344,-88.045559
Anderson,IN,40.1053196,-85.6802541
Auburn,IN,41.3669902,-85.0588632
Bloomington,IN,39.1670396,-86.5342881
Carmel,IN,39.9788383,-86.118731
Columbus,IN,39.2014405,-85.9213796
Crawfordsville,IN,40.0401991,-86.8990249
Crown Point,IN,41.4169806,-87.3653136
Dune Acres,IN,41.649482,-87.085867
Dyer,IN,41.4942021,-87.5217068
Elkhart,IN,41.6819935,-85.9766671
Evansville,IN,37.9747645,-87.5558483
Fishers,IN,39.9555928,-86.0138729
Floyds Knobs,IN,38.3243841,-85.8735251
Fort Wayne,IN,41.0799898,-85.1386015
Gary,IN,41.6021292,-87.3371372
Goshen,IN,41.5824086,-85.834366
Greenfield,IN,39.7855096,-85.7681979
Greenwood,IN,39.6136578,-86.1066526
Huntington,IN,40.8008286,-85.5018494
Indianapolis,IN,39.7683331,-86.1583502
La Porte,IN,41.6105983,-86.7225227
Lebanon,IN,40.0483744,-86.4691677
Mccordsville,IN,39.8939648,-85.9219417
Mishawaka,IN,41.6619927,-86.1586156
New Albany,IN,38.2856247,-85.8241312
Noblesville,IN,40.0455918,-86.0085955
Schererville,IN,41.4789246,-87.4547605
South Bend,IN,41.6833813,-86.2500066
Terre Haute,IN,39.4667025,-87.4139119
Valparaiso,IN,41.4730948,-87.0611412
West Lafayette,IN,40.4258686,-86.9080655
Westfield,IN,40.0428151,-86.1274888
Andover,KS,37.7139041,-97.1364294
Fort Leavenworth,KS,39.345184,-94.921703
Gardner,KS,38.8109254,-94.9272958
Leavenworth,KS,39.3113257,-94.922759
Leawood,KS,38.966673,-94.6169012
Lenexa,KS,38.953669,-94.733734
Olathe,KS,38.8838856,-94.81887
Overland Park,KS,38.9742502,-94.6851702
Scammon,KS,37.2775569,-94.8249602
Shawnee,KS,39.0416718,-94.7202376
Boston,KY,38.2372927,-85.4352363
Bowling Green,KY,36.9903199,-86.4436018
Burlington,KY,39.02756,-84.7241133
Covington,KY,39.0836224,-84.508371
Elizabethtown,KY,37.693952,-85.8591285
Florence,KY,38.9989499,-84.6266111
Ft Mitchell,KY,39.0595047,-84.5474432
Independence,KY,38.9431183,-84.544109
Lexington,KY,38.0464066,-84.4970393
Louisville,KY,38.2542376,-85.759407
Mt Sterling,KY,38.0561079,-83.9431961
Prospect,KY,19.2827462,-81.3373607
Shelbyville,KY,38.2120144,-85.2235666
Slade,KY,37.7950836,-83.7040807
Versailles,KY,38.052576,-84.7299464
Winchester,KY,37.990079,-84.1796503
Abita Springs,LA,30.4785257,-90.0375755
Baton Rouge,LA,30.4507462,-91.154551
Boothville,LA,29.3435519,-89.4197772
Covington,LA,39.0836224,-84.508371
Gonzales,LA,29.5016257,-97.4524926
Gretna,LA,36.9528412,-79.3602341
Harahan,LA,29.9404826,-90.2031313
Independence,LA,37.2242358,-95.7083131
Lafayette,LA,30.2240897,-92.0198427
Mandeville,LA,18.0431254,-77.50741
Monroe,LA,38.2722313,-90.1792484
New Iberia,LA,30.0071735,-91.8136514379643
New Orleans,LA,30.03280175,-89.9750054503052
Patterson,LA,37.471623,-121.1296949
River Ridge,LA,36.8770344,-83.171562
Shreveport,LA,32.5221828,-93.7651944
Slidell,LA,30.2751945,-89.7811745
Vacherie,LA,49.1314425,1.1229277
Youngsville,LA,41.8522809,-79.3186597
Arlington,MA,42.4153739,-71.1564428
Ashland,MA,42.2612067,-71.4633956
Attleboro,MA,41.9445441,-71.2856082
Beverly,MA,42.5584284,-70.8800491
Boston,MA,42.3604823,-71.0595678
Brighton,MA,42.3500971,-71.1564423
Brockton,MA,42.0834335,-71.0183787
Brookline,MA,42.3317642,-71.1211635
Burlington,MA,42.5048167,-71.1956111
Cambridge,MA,42.3750997,-71.1056157
Canton,MA,42.1584324,-71.1447732
Carver,MA,41.8834363,-70.7625376
Charlestown,MA,42.3778749,-71.0619957
Danvers,MA,42.5750946,-70.9300507
Dracut,MA,42.6703687,-71.3020052
East Falmouth,MA,41.5784425,-70.5586401
Fall River,MA,41.7010642,-71.1546367
Fiskdale,MA,42.1162056,-72.11341
Florence,MA,42.3356448,-72.6717575
Foxboro,MA,42.0584323,-71.2494975
Framingham,MA,42.2792625,-71.416172
Franklin,MA,42.5896205,-72.6110645
Gardner,MA,42.5750883,-71.998133
Grafton,MA,42.2070392,-71.6856237
Groton,MA,42.6112242,-71.5745402
Hanson,MA,42.0751013,-70.8800423
Harwich Port,MA,41.6667784,-70.0786284
Haverhill,MA,42.7777829,-71.0767724
Hingham,MA,42.2417669,-70.8897676
Hull,MA,42.3020436,-70.9078243
Ipswich,MA,42.679273,-70.8411583
Jamaica Plain,MA,42.3098201,-71.1203299
Leominster,MA,42.5250906,-71.759794
Lexington,MA,42.4473175,-71.2245003
Littleton,MA,42.5375917,-71.5120096
Lunenburg,MA,42.5945342,-71.724516
Malden,MA,42.4250964,-71.066163
Marlborough,MA,42.3459271,-71.5522874
Marshfield,MA,42.091769,-70.7055941
Maynard,MA,42.4321064,-71.4539683
Medford,MA,42.4184296,-71.1061639
Melrose,MA,42.4564323,-71.064182
Mendon,MA,42.1056525,-71.5522859
Middleboro,MA,41.8931576,-70.9111517
Milford,MA,42.1398188,-71.516174
Milton,MA,42.2495435,-71.0661612
Newton,MA,42.3370414,-71.2092214
Newton Center,MA,42.3306528,-71.1994989
North Attleboro,MA,41.96282195,-71.3427427907239
Northampton,MA,42.3190227,-72.6306344
Northborough,MA,42.319538,-71.6411786
Norton,MA,41.9667666,-71.1869939
Norwood,MA,42.194543,-71.1994976
Peabody,MA,42.5278731,-70.9286609
Pepperell,MA,42.6659227,-71.5884018
Plymouth,MA,41.9584367,-70.6672577
Quincy,MA,42.2528772,-71.0022705
Randolph,MA,42.1625997,-71.0411588
Roxbury,MA,42.3248426,-71.0950158
Salem,MA,42.5195292,-70.8967226
Saugus,MA,42.4648183,-71.010051
Sharon,MA,42.1237102,-71.1786627
Somerset,MA,41.7695463,-71.128656
Somerville,MA,42.3875968,-71.0994968
South Hadley,MA,42.2584245,-72.5745332
South Lee,MA,42.2778653,-73.2773295
Southbridge,MA,42.0750954,-72.0334084
Springfield,MA,42.1014831,-72.589811
Stoughton,MA,42.1250995,-71.1022712
Sturbridge,MA,42.108428,-72.0786871
Tewksbury,MA,42.6106479,-71.2342248
Waltham,MA,42.3756401,-71.2358004
Ware,MA,42.2598146,-72.2398021
Watertown,MA,42.3709299,-71.1828321
Wayland,MA,42.3632063,-71.3606721
Wellesley,MA,42.2964859,-71.2925571
West Roxbury,MA,42.2792649,-71.1494972
West Springfield,MA,42.1070383,-72.6203675
Westborough,MA,42.2694308,-71.6129907
Westford,MA,42.5792583,-71.4378411
Weston,MA,42.3667625,-71.3031132
Wilmington,MA,42.5464828,-71.1736669
Winthrop,MA,42.3750976,-70.982827
Worcester,MA,42.2625932,-71.8022934
Aberdeen,MD,39.5095556,-76.1641197
Abingdon,MD,39.4623305,-76.2791236
Annapolis,MD,38.9786401,-76.492786
Arnold,MD,39.0320784,-76.5025431
Baltimore,MD,39.2908816,-76.610759
Bel Air,MD,39.5355063,-76.3490396
Belcamp,MD,39.4686229,-76.2349083
Beltsville,MD,39.0299081,-76.9149547
Bethesda,MD,38.9848265,-77.0946459
Betterton,MD,39.3659451,-76.0621699
Brookeville,MD,39.1807943,-77.0591072
California,MD,38.3004029,-76.5074542
Chester,MD,38.9753903,-76.2893991
Chevy Chase,MD,38.9932072,-77.0743833
Clarksburg,MD,39.2387164,-77.2794288
Clarksville,MD,39.2065447,-76.9429182
Clinton,MD,38.7651145,-76.8983059
Cockeysville,MD,39.4845658,-76.6502845
College Park,MD,38.980666,-76.9369189
Columbia,MD,39.2156213,-76.8582049
Crofton,MD,39.0017772,-76.6874671
Davidsonville,MD,38.9228697,-76.6277374
District Heights,MD,38.8576128,-76.8894171
Dundalk,MD,39.2574114,-76.5236745
Edgewater,MD,38.9346773,-76.5532021
Elkridge,MD,39.2128338,-76.7137155
Elkton,MD,39.6067789,-75.8332718
Ellicott City,MD,39.2673284,-76.7983067
Emmitsburg,MD,39.7045417,-77.3269307
Forest Hill,MD,39.5851063,-76.387739
Fort George G Meade,MD,39.10517,-76.7476152974745
Fort Washington,MD,38.7125305,-77.0124598
Frederick,MD,39.4142186,-77.4109269
Freeland,MD,39.7048259,-76.6838605
Fulton,MD,39.1509408,-76.9230307
Gaithersburg,MD,39.1434406,-77.2013705
Gambrills,MD,39.067054,-76.6652449
Germantown,MD,39.1731621,-77.2716502
Gwynn Oak,MD,38.7076162,-76.8571933
Hagerstown,MD,39.6419219,-77.7202641
Hancock,MD,39.6989809,-78.1797293
Havre De Grace,MD,39.5489964,-76.0914718
Huntingtown,MD,38.6159533,-76.613015
Hyattsville,MD,38.9529792,-76.9408758
Jessup,MD,39.1492746,-76.7752493
Joppa,MD,39.433719,-76.3577373
La Plata,MD,38.5292877,-76.9752514
Laurel,MD,39.0992752,-76.8483061
Leonardtown,MD,38.2912431,-76.6357946
Lusby,MD,38.3563005,-76.4414308704519
Middletown,MD,39.4437567,-77.5454038
Millersville,MD,39.0595542,-76.6480219
Mount Airy,MD,39.3762145,-77.154704
New Market,MD,39.3826031,-77.2694278
North Bethesda,MD,39.0461292,-77.1130097
North East,MD,39.5162234,-76.9382069
Odenton,MD,39.0897199,-76.7073534
Owings Mills,MD,39.4010753,-76.796299
Pasadena,MD,39.1106375,-76.5506967542792
Pikesville,MD,39.3745035,-76.7227288
Potomac,MD,39.017936,-77.2094542
Reisterstown,MD,39.45927545,-76.8206890138098
Rockville,MD,39.0840054,-77.1527573
Severn,MD,39.1278864,-76.6869128
Silver Spring,MD,38.9959081,-77.0288918
Sparrows Point,MD,39.219275,-76.4760724
Towson,MD,39.4018552,-76.602388
Upper Marlboro,MD,38.8165274,-76.7519753
Waldorf,MD,38.6263882,-76.9106581
Westminster,MD,39.5752639,-76.9959277
Wheaton,MD,39.0398314,-77.0552555
Williamsport,MD,39.6006523,-77.8205508
Anson,ME,44.798403,-69.889526
Brunswick,ME,43.905599,-69.9759914804754
Cape Elizabeth,ME,43.563974,-70.200577
Cumberland,ME,43.8506432,-70.4001498
Gray,ME,43.886016,-70.331726
Hope,ME,44.265363,-69.158936
Jay,ME,44.504341,-70.21637
Kennebunk,ME,43.384092,-70.545273
Kennebunkport,ME,43.362131,-70.477295
Litchfield,ME,44.1331297,-69.9650506
Phippsburg,ME,43.820638,-69.8147684
Pittsfield,ME,44.78281,-69.383469
Rockport,ME,44.1845236,-69.0761491
Saco,ME,43.5009176,-70.4428286
Sanford,ME,43.439249,-70.7742246
South Portland,ME,43.6414716,-70.2408811
Tenants Harbor,ME,43.9673047,-69.2081012
Westbrook,ME,43.6770252,-70.3711617
Yarmouth,ME,43.8006354,-70.1867161
Albion,MI,42.243097,-84.7530304
Ann Arbor,MI,42.2681569,-83.7312291
Benton Harbor,MI,42.1167065,-86.4541894
Bloomdale Township,MI,41.1666089,-83.5565521
Brighton,MI,42.5316918,-83.7846458
Canton,MI,42.308081,-83.4868677071791
Chelsea,MI,42.3917638,-71.0328284
Clarkston,MI,42.7086411,-83.4396633
Clinton Township,MI,42.58484,-82.9348245827748
Coldwater,MI,41.9403263,-85.0005215
Commerce Charter Twp,MI,43.476079,-83.965213
Dearborn Heights,MI,42.3369816,-83.2732627
Delton,MI,42.4997581,-85.4080641
Detroit,MI,42.3486635,-83.0567375
Dexter,MI,42.3383697,-83.8885553
East Lansing,MI,42.7355416,-84.4852469
Eastpointe,MI,42.4683698,-82.9554746
Farmington,MI,36.7304288,-108.2089191
Farmington Hills,MI,42.4853125,-83.3771553
Fenton,MI,38.5131989,-90.4400578
Ferndale,MI,42.4605917,-83.1346478
Flat Rock,MI,42.0964314,-83.2918744
Flint,MI,43.0171773,-83.7236024
Galesburg,MI,40.9479779,-90.3705842
Grand Haven,MI,43.0630734,-86.2283864
Grand Rapids,MI,42.9632405,-85.6678639
Grandville,MI,42.909598,-85.7630956
Grosse Pointe Farms,MI,42.4092038,-82.8918587
Hart,MI,43.698341,-86.363965
Highland,MI,44.1455678,-85.2664329
Howell,MI,42.6072552,-83.9293952
Jackson,MI,32.2990384,-90.1847691
Kalamazoo,MI,42.291707,-85.5872286
Lake City,MI,44.335287,-85.215046
Lake Orion,MI,42.7844752,-83.2396612
Lansing,MI,42.7337712,-84.5553805
Livonia,MI,42.36837,-83.3527097
Lupton,MI,44.4311278,-84.0258299
Macomb,MI,42.6741189,-82.902901
Marshall,MI,35.9089643,-92.6312746
Mason,MI,43.9778831,-86.246291
Mattawan,MI,42.2094839,-85.784453
Middleville,MI,42.7130889,-85.4619599
Midland,MI,43.6155825,-84.2472117
Niles,MI,41.8297694,-86.2541768
Northville,MI,42.4310806,-83.4832262
Okemos,MI,42.721839,-84.428183
Plymouth,MI,42.3712,-83.4675021
Pontiac,MI,40.8808666,-88.6297839
Portage,MI,42.2011538,-85.5800022
Rochester,MI,43.157285,-77.615214
Rochester Hills,MI,42.6583661,-83.1499322
Rockford,MI,42.2713945,-89.093966
Royal Oak,MI,42.4894801,-83.1446485
Saint Clair,MI,42.9426715,-82.6283554
Saline,MI,37.750075,-88.5302584
Spring Lake,MI,43.076963,-86.196997
Sterling Heights,MI,42.5803122,-83.0302033
Tecumseh,MI,42.0039331,-83.9449417
Three Rivers,MI,41.9442722,-85.6346222
Trenton,MI,40.2170575,-74.7429463
Troy,MI,42.6055893,-83.1499304
Waterford,MI,42.7022527,-83.402718
West Bloomfield,MI,44.2208134,-88.9717809
Westland,MI,42.3238056,-83.4005321
Woodhaven,MI,42.1370519,-83.2451066
Ypsilanti,MI,42.2410562,-83.613055
Zeeland,MI,42.8124349,-86.0288167
Andover,MN,45.2332985,-93.2913405
Blaine,MN,45.1607987,-93.2349489
Bloomington,MN,44.8322405,-93.3204872
Brainerd,MN,46.3580221,-94.2008288
Burnsville,MN,44.7677424,-93.2777226
Champlin,MN,45.1888539,-93.3974538
Cottage Grove,MN,44.8277446,-92.9438218
Eden Prairie,MN,44.8546856,-93.470786
Forest Lake,MN,45.2791076,-92.9851372
Fridley,MN,45.0838291,-93.2590388
Hermantown,MN,46.8068852,-92.2382464
Hopkins,MN,44.9271194,-93.4074945
Lakeville,MN,44.650051,-93.2432791
Maplewood,MN,44.9533351,-92.9953373
Minneapolis,MN,44.9772995,-93.2654692
New Hope,MN,45.0380201,-93.3866185
Osseo,MN,45.1194091,-93.4024532
Otsego,MN,45.2741314,-93.5913502
Rochester,MN,44.0233269,-92.4630215
Rosemount,MN,44.7391873,-93.12611
Saint Paul,MN,44.9504037,-93.1015026
Savage,MN,44.7779041,-93.3356204
Shakopee,MN,44.7980186,-93.5268986
Shoreview,MN,45.0722056,-93.1282878
Woodbury,MN,44.92317,-92.9588282
Ballwin,MO,38.5931958,-90.5459836
Ballwin Mo 63021,MO,38.5711472,-90.5545243265738
Blue Eye,MO,36.514214,-93.3881004954994
Blue Springs,MO,39.017316,-94.282265
Bourbon,MO,39.2389285,-92.3146222
Buckner,MO,39.1333445,-94.198461
Chesterfield,MO,38.6560565,-90.5742029
Columbia,MO,38.951883,-92.3337366
Florissant,MO,38.789217,-90.322614
Glencoe,MO,33.4092517,-105.4488713
Kansas City,MO,39.0844687,-94.5630298
Lake Saint Louis,MO,38.797552,-90.7856848
Lake Sherwood,MO,38.69470505,-90.3513791907932
Lees Summit,MO,38.9107156,-94.3821295
Liberty,MO,39.246479,-94.419079
Monett,MO,36.9289518,-93.9277149
Neosho,MO,36.850586,-94.387783709902
Nixa,MO,37.0433863,-93.294353
Pacific,MO,38.481809,-90.7415865
Platte City,MO,39.3703535,-94.781086
Raytown,MO,39.0086171,-94.4635638
Rocheport,MO,38.9800346,-92.5640732
Saint Charles,MO,38.9069393,-90.789128
Saint Louis,MO,38.6529545,-90.2411165602464
Saint Peters,MO,38.8010514,-90.627881
Springfield,MO,37.2166779,-93.2920373
St Charles,MO,38.9069393,-90.789128
St. Louis,MO,38.6529545,-90.2411165602464
Troy,MO,38.9794923,-90.9806954
Union,MO,38.4452241,-91.0063155
University City,MO,38.6558849,-90.3092813
Valley Park,MO,38.5493603,-90.4912719
Village Of Loch Lloyd 64012,MO,,
Wentzville,MO,38.81144,-90.8529107
Biloxi,MS,30.374673,-88.8459433348286
Brookhaven,MS,31.5790588,-90.4406506
Canton,MS,32.6126381,-90.0367512
Corinth,MS,34.9342548,-88.5222702
Diamondhead,MS,30.36113,-89.3768773667048
Jackson,MS,32.2990384,-90.1847691
Meridian,MS,32.3643098,-88.703656
Natchez,MS,31.5604442,-91.403171
Ocean Springs,MS,30.4112904,-88.8279165
Ridgeland,MS,32.4284761,-90.1323087
Starkville,MS,33.4503998,-88.8183872
Vancleave,MS,30.5418555,-88.6713818695457
Vicksburg,MS,32.3528418,-90.8777342
Bozeman,MT,45.679984,-111.044675
Polson,MT,47.6905295,-114.1637614
Advance,NC,35.9412482,-80.4092217
Albemarle,NC,35.3501426,-80.2000578
Apex,NC,35.7325352,-78.8505516
Arden,NC,35.4661821,-82.5164242
Asheville,NC,35.6009498,-82.5540161
Bolivia,NC,34.0676715,-78.1483283
Boone,NC,36.216795,-81.6745517
Brevard,NC,35.2334472,-82.7342919
Burlington,NC,36.0956918,-79.4377991
Burnsville,NC,35.9171843,-82.2996682
Calabash,NC,33.8907278,-78.5683446
Candler,NC,35.5364813,-82.6929275
Cary,NC,35.7882973,-78.7811925
Chapel Hill,NC,35.9131542,-79.05578
Charlotte,NC,35.2270869,-80.8431268
Clayton,NC,35.650711,-78.4563914
Clemmons,NC,36.0215258,-80.3819984
Concord,NC,35.4093772,-80.5797416
Cornelius,NC,35.4817982,-80.8589501
Davidson,NC,35.7902384,-80.2115053
Denver,NC,35.5312452,-81.0297994
Dobson,NC,36.3956891,-80.722567
Durham,NC,35.9966551,-78.9018115
Elizabeth City,NC,36.2956836,-76.2247697
Elkin,NC,36.2443013,-80.8484043
Fairview,NC,35.9098789,-77.5452497
Fayetteville,NC,35.0525759,-78.878292
Foscoe,NC,36.161795,-81.7656647
Franklinton,NC,36.1018163,-78.4580543
Fuquay Varina,NC,35.5844285,-78.7999818
Fuquay-Varina,NC,35.5844285,-78.7999818
Goldsboro,NC,35.3848841,-77.9927651
Granite Falls,NC,35.7965205,-81.4306458
Greensboro,NC,36.0726355,-79.7919754
Greenville,NC,35.612661,-77.3663538
Hampstead,NC,36.1448591,-80.122822
Harrisburg,NC,35.3262523,-80.6446563
Henderson,NC,36.3295905,-78.3991638
Hendersonville,NC,35.3187279,-82.4609528
Hickory,NC,35.7331895,-81.3412006
Hiddenite,NC,35.9037438,-81.0906356
Holly Springs,NC,35.6512655,-78.8336218
Huntersville,NC,35.410845,-80.8429094
Indian Land,NC,53.4950403,-2.5080031
Indian Trail,NC,35.0768141,-80.6692352
Jackson Springs,NC,35.2095948,-79.6258705
Jacksonville,NC,34.7540524,-77.4302415
Jamestown,NC,35.9941053,-79.9356589
Kernersville,NC,36.1198589,-80.0736533
Kill Devil Hills,NC,36.0307227,-75.6760101
Leland,NC,34.2562806,-78.0447143
Lenoir,NC,35.9140196,-81.5389849
Lexington,NC,35.8240265,-80.2533838
Locust,NC,35.2598655,-80.4253426
Louisburg,NC,36.0990393,-78.301106
Lumberton,NC,34.6183433,-79.0083993
Marion,NC,35.6840131,-82.0092745
Matthews,NC,35.1170873,-80.723718
Mills River,NC,35.387696,-82.546523
Mocksville,NC,35.8940236,-80.5617846
Mooresville,NC,35.5848596,-80.8100724
Morehead City,NC,34.7229391,-76.7260436
Morganton,NC,35.7454376,-81.6870994
Morrisville,NC,35.824341,-78.8300321
Moyock,NC,36.5245972,-76.1782677
Murphy,NC,35.0875836,-84.0346315
Nags Head,NC,35.9573923,-75.624062
New Bern,NC,35.1084931,-77.0441143
Ocean Isle Beach,NC,33.8943393,-78.426672
Oriental,NC,35.0309956,-76.6929867
Oxford,NC,36.3107004,-78.5908345
Pinebluff,NC,35.1098795,-79.4722589
Pisgah Forest,NC,35.2542808,-82.7001242
Raeford,NC,34.9809996,-79.2241998
Raleigh,NC,35.7803977,-78.6390989
Reidsville,NC,36.3548586,-79.6644748
Rocky Point,NC,34.4351676,-77.8877638
Rougemont,NC,36.2184752,-78.926397
Salisbury,NC,35.6709727,-80.4742261
Sanford,NC,35.4798757,-79.1802994
Sherrills Ford,NC,35.6204121,-80.9864655
Smithfield,NC,35.5085717,-78.3392929
Sneads Ferry,NC,34.5526655,-77.3971839
South Mills,NC,36.4457093,-76.3274398
Southern Pines,NC,35.1740471,-79.3922539
Southport,NC,33.921563,-78.0202677
Statesville,NC,35.7826363,-80.8872959
Stokesdale,NC,36.2372048,-79.9793529
Sunset Beach,NC,33.880728,-78.512231
Supply,NC,34.0176717,-78.267499
Vilas,NC,36.245683,-81.7676104
Wagram,NC,34.8879397,-79.3661515
Wake Forest,NC,35.9803138,-78.5103731
Walkertown,NC,36.1748265,-80.1521587
Wallace,NC,34.735724,-77.9952628
Waxhaw,NC,34.9245935,-80.7434019
Waynesville,NC,35.4887476,-82.9888725
Weaverville,NC,35.6970547,-82.5606851
Wendell,NC,35.780987,-78.3697213
Whitsett,NC,36.0712466,-79.5644686
Wilksboro,NC,,
Williamston,NC,35.8546039,-77.0555114
Wilmington,NC,34.2257282,-77.9447107
Wilson,NC,35.7212689,-77.9155395
Wingate,NC,34.9843176,-80.4492319
Winston Salem,NC,36.0998131,-80.2440518
Winston-Salem,NC,36.0998131,-80.2440518
Southern Shores,NC,36.1390533,-75.7315719
Bellevue,NE,41.1366494,-95.8907373
Elkhorn,NE,41.2860699,-96.2346121
Lincoln,NE,40.8,-96.667821
North Bend,NE,41.4619485,-96.7797515
Omaha,NE,41.2587317,-95.9378732
Alton,NH,43.452919,-71.218185
Claremont,NH,43.377105,-72.347031
Concord,NH,43.207178,-71.537476
Dover,NH,43.198057,-70.8739158
Goffstown,NH,43.0203609,-71.600349
Hillsboro,NH,43.1148019,-71.8950798
Hudson,NH,42.7654433,-71.4397167
Manchester,NH,42.9956397,-71.4547891
Meredith,NH,43.657937,-71.500397
Merrimack,NH,42.8650864,-71.4934004
Moultonborough,NH,43.755225,-71.3974
Nashua,NH,42.7653662,-71.467566
Newfields,NH,43.0370316,-70.9383906
Newmarket,NH,43.2778549,-71.8734139
North Conway,NH,44.0536805,-71.1284041
Rochester,NH,43.3050631,-70.9753629
Swanzey,NH,42.8698041,-72.2817518
Walpole,NH,43.079922,-72.425995
Allendale,NJ,41.0414858,-74.129032
Atlantic Highlands,NJ,40.4078865,-74.034306
Avenel,NJ,40.5803818,-74.2851469
Basking Ridge,NJ,40.7064088,-74.5492725
Bayonne,NJ,40.6687141,-74.1143091
Belleville,NJ,40.7937116,-74.1501438
Bergenfield,NJ,40.9275987,-73.9973608
Bloomfield,NJ,40.806767,-74.1854226
Bradley Beach,NJ,40.2023355,-74.0120814
Bridgeton,NJ,39.427337,-75.2340768
Bridgewater,NJ,40.5599163,-74.5516573
Caldwell,NJ,40.8398218,-74.2765366
Carteret,NJ,40.5773266,-74.2282005
Cherry Hill,NJ,39.9348351,-75.0307264
Chesterfield,NJ,40.1153966,-74.6412727
Cliffside Park,NJ,40.8214894,-73.9876388
Dumont,NJ,40.9406541,-73.9968051
Dunellen,NJ,40.5892696,-74.4718201
Edgewater,NJ,40.8270448,-73.975694
Edison,NJ,40.5382375,-74.3945173450877
Egg Harbor Township,NJ,39.3618588,-74.5820136
Ewing,NJ,40.2688105,-74.8006895
Fair Haven,NJ,40.3606653,-74.0381947
Fair Lawn,NJ,40.9403762,-74.1318096
Flanders,NJ,40.8456549,-74.6948843
Fords,NJ,40.5295766,-74.3160429
Fort Lee,NJ,40.8509333,-73.9701382
Garwood,NJ,40.6517692,-74.3229264
Hackettstown,NJ,40.8539878,-74.8290556
Hamilton Township,NJ,40.2041625,-74.6793243897987
Hammonton,NJ,39.6365056,-74.8023853
Hawthorne,NJ,40.9492649,-74.1537549
Highland Park,NJ,40.4959379,-74.4243178
Hoboken,NJ,40.7433066,-74.0323752
Jersey City,NJ,40.7281575,-74.0776417
Kenilworth,NJ,40.6760225,-74.289262
Lavallette,NJ,39.9703958,-74.0687475
Lawrence Township,NJ,40.2999815,-74.7189151495642
Lebanon,NJ,40.6417683,-74.8359987
Little Ferry,NJ,40.8528777,-74.0420848
Lumberton,NJ,39.9659459,-74.8051628
Lyndhurst,NJ,40.8120247,-74.1242816
Mahwah,NJ,41.0887072,-74.1437552
Manahawkin,NJ,39.695397,-74.2587527
Manalapan Township,NJ,40.2765855,-74.3526360503142
Maple Shade,NJ,39.9526127,-74.9923915
Matawan,NJ,40.41483,-74.2295891
Metuchen,NJ,40.5431598,-74.3632049
Monmouth Junction,NJ,40.3789957,-74.5465436
Montainside,NJ,,
Moorestown,NJ,39.9670569,-74.9426677
Morris Plains,NJ,40.8364845,-74.4781885405151
Morristown,NJ,40.7970384,-74.4809492
Mount Holly,NJ,39.9928898,-74.7876624
Mount Laurel,NJ,39.934002,-74.8909988
New Brunswick,NJ,40.4862174,-74.4518173
North Bergen,NJ,40.8042674,-74.012084
North Brunswick,NJ,34.3129464,-78.1611077
Nutley,NJ,40.8223223,-74.1598663
Orange,NJ,40.7706562,-74.2326463
Ortley Beach Toms River Twpshp,NJ,,
Paramus,NJ,40.9445428,-74.0754189
Parsippany,NJ,40.8578772,-74.4259866
Plainfield,NJ,40.6337136,-74.4073737
Plainsboro,NJ,40.3334409,-74.6004341
Princeton,NJ,40.3492744,-74.6592958
Princeton Junction,NJ,40.3173301,-74.6198791
Red Bank,NJ,40.3470543,-74.0643065
Ridgefield,NJ,40.8342669,-74.0087505
Ridgewood,NJ,40.9791864,-74.1165757
River Edge,NJ,40.9287098,-74.0398622
Sayreville,NJ,40.4592726,-74.3609822
Shamong,NJ,39.8051271,-74.7057295
Sicklerville,NJ,39.7173375,-74.9693329
Somerset,NJ,40.5675084,-74.6189556
Somerville,NJ,40.5742696,-74.60988
"Southampton ,New Jersey",NJ,40.000471,-74.259696
Stanhope,NJ,40.9028765,-74.7090517
Summit,NJ,40.7182356,-74.3592296
Teaneck,NJ,40.8975992,-74.0159727
Trenton,NJ,40.2170575,-74.7429463
Union City,NJ,40.7795455,-74.0237512
Warren,NJ,40.8602222,-74.9720493
Washington,NJ,40.7584326,-74.9793378
West Long Branch,NJ,40.2903891,-74.0176381
Westville,NJ,40.844544,-74.2995931
Wildwood Crest,NJ,38.9748351,-74.8335015
Willingboro,NJ,40.0278894,-74.8690542
Wood Ridge,NJ,40.8456555,-74.0879195
Wood-Ridge,NJ,40.8456555,-74.0879195
Woodbridge,NJ,40.55418,-74.2860007694445
Albuquerque,NM,35.0841034,-106.6509851
Belen/Rio Communities,NM,34.63409975,-106.734811668221
Corrales,NM,35.2382286,-106.60698
Las Cruces,NM,32.3140354,-106.7798078
Placitas,NM,36.4458502,-106.4416983
Rio Rancho,NM,35.233375,-106.6644716
Boulder City,NV,35.9785912,-114.8324851
Carson City,NV,39.1637984,-119.7674034
Dayton,NV,39.2371386,-119.59295
Gardnerville,NV,38.9415062,-119.7493512
Henderson,NV,36.0391456,-114.9819235
Incline Village,NV,39.2500999,-119.9520057
Las Vegas,NV,36.1662859,-115.149225
Mesquite,NV,36.8038349,-114.0681915
Minden,NV,38.9542487,-119.7656174
North Las Vegas,NV,36.2008371,-115.1120958
Pahrump,NV,36.2083012,-115.9839128
Reno,NV,39.52927,-119.8136744
Silver Springs,NV,39.4154735,-119.2246076
Sparks,NV,39.5348431,-119.7527683
Stateline,NV,38.9630669,-119.9399463
Wellington,NV,38.7562993,-119.3759946
Albany,NY,42.6511674,-73.754968
Amherst,NY,42.9783924,-78.7997616
Astoria,NY,40.7720145,-73.9302673
Ballston Spa,NY,43.0009087,-73.8490111
Bath,NY,42.3370164,-77.3177577
Bayside,NY,40.7684351,-73.7770774
Beacon,NY,41.504879,-73.9696822
Binghamton,NY,42.096968,-75.914341
Blauvelt,NY,41.0634299,-73.9576378
Brockport,NY,43.213671,-77.93918
Bronx,NY,40.85048545,-73.8404035580209
Brooklyn,NY,40.6501038,-73.9495823
Buffalo,NY,42.8867166,-78.8783922
Carmel Hamlet,NY,41.4266361,-73.6788272
Centerport,NY,40.89782185,-73.3717214029655
Clifton Park,NY,42.8656325,-73.7709535
Cohoes,NY,42.7742446,-73.7001187
Colden,NY,42.6442273,-78.6847495
Coram,NY,40.8687097,-73.0014946
Corning,NY,42.1435257,-77.0543408
Cornwall,NY,40.7910799,-73.9748635
Cortland,NY,42.5842136,-76.0704906
Dryden,NY,42.4909053,-76.2971553
East Aurora,NY,42.7689141,-78.6177611
Elmira,NY,42.0897965,-76.8077338
Elmont,NY,40.700936,-73.712909
Fairport,NY,43.0993,-77.443014
Far Rockaway,NY,40.6053825,-73.7551326
Floral Park,NY,40.7246999,-73.7048024
Flushing,NY,40.7654301,-73.8174291
Forest Hills,NY,43.1037625,-77.4841397804973
Freeport,NY,40.6576022,-73.5831835
Freeville,NY,42.512807,-76.3464675
Geneva,NY,42.8689552,-76.9777436
Grand Island,NY,43.0097402,-78.9706093624524
Hicksville,NY,40.7684331,-73.5251253
Holbrook,NY,40.8123205,-73.078443
Irvington,NY,41.0350625,-73.864852135741
Jackson Heights,NY,40.7556561,-73.8857755
Kings Park,NY,40.886209,-73.2573369
Lafayette,NY,42.892289,-76.1052019
Lancaster,NY,42.9005956,-78.669997
Latham,NY,40.7443441,-73.9867075
Liverpool,NY,43.106456,-76.217705
Long Island City,NY,40.7415369,-73.9571249
Manhattan,NY,40.7902778,-73.9597222
Massapequa,NY,40.6806564,-73.4742914
Mechanicville,NY,42.9028547,-73.6873405
Melville,NY,40.7934322,-73.4151214
Middletown,NY,41.44634,-74.4209177459401
Millbrook,NY,41.7865038,-73.6921867
Minetto,NY,43.398124,-76.47744
Mt Tremper,NY,42.0448136,-74.2754247
New Rochelle,NY,40.9115386,-73.7826363
New York,NY,40.74123595,-73.356691165361
Olean,NY,42.077565,-78.4297419
Orchard Park,NY,42.7670376,-78.7435517
Ossining,NY,41.1609095,-73.878161875857
Pawling,NY,41.5620381,-73.6026271
Pelham,NY,40.9098215,-73.8079111
Pittsford,NY,43.090959,-77.515298
Pleasant Valley,NY,41.7445382,-73.8212439
Port Crane,NY,42.1642428,-75.8335265
Port Jefferson Station,NY,40.9253764,-73.0473284
Rhinebeck,NY,41.9268754,-73.9126639
Rochester,NY,43.157285,-77.615214
Ronkonkoma,NY,40.8153761,-73.112333
Saratoga Springs,NY,43.0821793,-73.7853915
Shelter Island,NY,41.0645437,-72.3328604
Shirley,NY,42.5767271,-78.9136452
Sidney,NY,42.3157824,-75.392776
Staten Island,NY,40.5834557,-74.1496048
Stony Point,NY,41.2295386,-73.9870847
Stormville,NY,41.5703713,-73.7454088
Sunnyside,NY,40.7398242,-73.9354153
Syosset,NY,40.8262101,-73.502068
Syracuse,NY,43.0481221,-76.1474244
Tuckahoe,NY,40.9503764,-73.827356
Victor,NY,42.9825634,-77.4088794
Wappingers Falls,NY,41.5965635,-73.9112103
Waterford,NY,42.7925778,-73.6812293
Webster,NY,43.212285,-77.429994
West Haverstraw,NY,41.2095941,-73.9852994
West Hurley,NY,41.9973144,-74.104864
West Islip,NY,40.7058564,-73.3077301
West Sayville,NY,40.7278763,-73.0976118
White Plains,NY,41.0339862,-73.7629097
Williamsville,NY,42.9637836,-78.7377258
Yonkers,NY,40.9312099,-73.8987469
Akron,OH,41.083064,-81.518485
Amelia,OH,39.0283966,-84.2177136
Aurora,OH,41.317555,-81.345386
Avon,OH,41.4517093,-82.0354225
Beachwood,OH,41.464498,-81.508732
Berea,OH,41.3661614,-81.8543026
Bluffton,OH,40.8953302,-83.8888289
Broadview Heights,OH,41.3139426,-81.6851271
Brookville,OH,39.8367207,-84.4113366
Brunswick,OH,41.2456819,-81.8275398
Canal Winchester,OH,39.8428215,-82.805646
Canton,OH,40.7989522,-81.3784445
Chagrin Falls,OH,41.436589,-81.3855058
Chardon,OH,41.582466,-81.20334
Cincinnati,OH,39.1014537,-84.5124602
Cleveland,OH,41.5051613,-81.6934446
Columbiana,OH,40.7787016,-80.7648602
Columbus,OH,39.9622601,-83.0007065
Copley,OH,41.0989439,-81.6445685
Coshocton,OH,40.2905684,-81.9271441
Dayton,OH,39.7589478,-84.1916069
Defiance,OH,41.3203058,-84.5084835
Delaware,OH,40.2986724,-83.067965
Dublin,OH,40.0992294,-83.1140771
Elyria,OH,41.368251,-82.1065757
Euclid,OH,41.5931049,-81.5267873
Fairborn,OH,39.8067455,-84.0102332768371
Fairfield,OH,39.7886111,-82.6418883
Fairview Park,OH,41.4461727,-81.8526519
Franklin,OH,40.0283162,-83.0076657
Gallipolis,OH,38.809803,-82.2023691
Grafton,OH,41.2725522,-82.0545892
Hamilton,OH,39.2085354,-84.5501874
Hanoverton,OH,40.7511704,-80.937032
Hilliard,OH,40.033814,-83.1596108
Hudson,OH,41.240056,-81.440667
Independence,OH,41.3816571,-81.6406872
Irondale,OH,40.5717306,-80.7264665
Johnstown,OH,40.1536742,-82.6851699
Kensington,OH,40.7353372,-80.9564777
Kent,OH,41.1536674,-81.357886
Lakewood,OH,41.4819932,-81.7981908
Loveland,OH,39.2689562,-84.2638406
Lyndhurst,OH,41.520052,-81.488732
Macedonia,OH,41.313667,-81.50845
Marysville,OH,40.2364486,-83.3671432
Mason,OH,39.3600586,-84.309939
Medina,OH,41.1000764,-81.9382517
Mentor,OH,41.6661573,-81.339552
Miamisburg,OH,39.6428362,-84.2866083
Middletown,OH,39.5150576,-84.3982763
Monroe,OH,39.7157533,-81.1078783
Munroe Falls,OH,41.139036,-81.440022
Napoleon,OH,41.3922726,-84.1252243
New Albany,OH,40.0811745,-82.8087864
North Canton,OH,40.875891,-81.4023356
North Ridgeville,OH,41.3894905,-82.0190321
North Royalton,OH,41.3136644,-81.7245739
Northfield,OH,41.345055,-81.528452
Norton,OH,41.0292217,-81.6381795
Oxford,OH,39.5103048,-84.7420519
Parma,OH,41.3822398,-81.7355692
Perrysburg,OH,41.5571178,-83.6279321
Powell,OH,40.1578403,-83.0751869
Ravenna,OH,41.157557,-81.242047
Reynoldsburg,OH,39.9547861,-82.8121191
Salem,OH,40.9008923,-80.8567502
Springfield,OH,39.9242266,-83.8088172
Steubenville,OH,40.3697905,-80.6339638
Streetsboro,OH,41.239223,-81.345941
Toledo,OH,41.6786754,-83.5127283
Troy,OH,40.0394982,-84.2032767
Warren,OH,39.4203978,-84.180897
Washingtonville,OH,40.900337,-80.7639673
Waynesville,OH,39.5297824,-84.086601
West Chester Township,OH,39.335739,-84.4155650458183
Westerville,OH,40.1261743,-82.9290696
Westlake,OH,41.4553232,-81.9179174
Willoughby,OH,41.6397696,-81.4065011
Willoughby Hills,OH,41.598382,-81.418447
Wilmington,OH,39.4453393,-83.8285375
Wintersville,OH,40.3753457,-80.7036894
Wooster,OH,40.7991766,-81.9383187
Youngstown,OH,41.1035786,-80.6520161
Lebanon,OH,39.4353373,-84.2029922
Bartlesville,OK,36.7494864,-95.9782966
Bixby,OK,35.9420431,-95.8833235
Broken Arrow,OK,36.0525993,-95.7908195
Edmond,OK,35.6571367,-97.4649038
Lawton,OK,34.6086854,-98.3903305
Norman,OK,35.2225717,-97.4394816
Oklahoma City,OK,35.4729886,-97.5170536
Sapulpa,OK,36.0005035,-96.1049612
Shawnee,OK,35.3272928,-96.9253004
Tulsa,OK,36.1556805,-95.9929113
Yukon,OK,35.5067259,-97.7625386
Beaverton,OR,45.4871723,-122.8037804
Canby,OR,45.2629088,-122.6925983
Cannon Beach,OR,45.891774,-123.961527
Clackamas,OR,45.1608821,-122.2305038
Depoe Bay,OR,44.808469,-124.063171
Eugene,OR,44.0505054,-123.0950506
Fairview,OR,45.5385457,-122.4330512
Forest Grove,OR,45.5197452,-123.1114405
Gresham,OR,45.5067406,-122.4367058
Hillsboro,OR,45.5228939,-122.989827
Lake Oswego,OR,45.4206749,-122.6706498
Lincoln City,OR,44.95789,-124.017996
Medford,OR,42.3264181,-122.8718605
Milwaukie,OR,45.4453901,-122.6392889
Oakridge,OR,43.7466899,-122.4597412
Oregon City,OR,45.3573429,-122.6067583
Portland,OR,45.5202471,-122.6741949
Redmond,OR,44.2726203,-121.1739212
Rockaway Beach,OR,45.613598,-123.943147
Roseburg,OR,43.216505,-123.3417381
Salem,OR,44.9391565,-123.033121
Sherwood,OR,45.3570983,-122.840357
Silverton,OR,45.0049305,-122.7832947
Springfield,OR,44.0462362,-123.0220289
Turner,OR,44.8431766,-122.9528708
Veneta,OR,44.0487342,-123.3509294
Warrenton,OR,46.165105,-123.923756
West Linn,OR,45.3656761,-122.6123141
Wilsonville,OR,45.3099218,-122.7681602
Aliquippa,PA,40.6102386,-80.267726
Allentown,PA,40.6022059,-75.4712794
Ambler,PA,40.1545535,-75.2215651
Avondale,PA,39.823443,-75.783273
Bensalem,PA,40.1045549,-74.951279
Bethlehem,PA,-1.45056,-48.4682453
Birdsboro,PA,40.2645371,-75.8040852
Boothwun,PA,,
Boyertown,PA,40.3337075,-75.6374083
Bridgeville,PA,40.3561805,-80.1100556
Butler,PA,40.8913626,-79.9248433
Camp Hill,PA,40.2398118,-76.9199742
Canonsburg,PA,40.2625702,-80.1872797
Carlisle,PA,40.201824,-77.1893888
Carnegie,PA,40.4086802,-80.0833885
Catawissa,PA,40.9548267,-76.4609868
Centre Hall,PA,40.8475635,-77.6861093
Chadds Ford,PA,39.8717773,-75.5913178
Chambersburg,PA,39.9405903,-77.6598624
Chester,PA,39.849557,-75.3557458
Cheswick,PA,40.5417343,-79.7992155
Clairton,PA,40.2922938,-79.8817181
Coatesville,PA,39.9831616,-75.8238355
Cochranville,PA,39.8917732,-75.9216133
Collegeville,PA,40.1856597,-75.451571
Connellsville,PA,40.0178522,-79.5894828
Coraopolis,PA,40.5184013,-80.1667247
Cranberry Township,PA,40.71067515,-80.1048606312172
Cranberry Twp,PA,40.71067515,-80.1048606312172
Dauphin,PA,40.398036,-76.8115168
Denver,PA,40.2331483,-76.1371684
Downingtown,PA,40.0064958,-75.7032742
Drexel Hill,PA,39.9483282,-75.306887787778
East Berlin,PA,39.937597,-76.9785892
East Pittsburgh,PA,40.3957108,-79.8384391
East Stroudsburg,PA,41.0036462,-75.176665811068
Elizabeth,PA,40.2692367,-79.8897706
Ellicott City,PA,,
Ellwood City,PA,40.8617303,-80.2864515
Ephrata,PA,40.1799111,-76.1789242
Erie,PA,42.1290657,-80.0852421
Exton,PA,40.0289955,-75.6207651
Fairfield,PA,33.4859402,-86.9119366
Freedom,PA,40.6856221,-80.2517277
Gap,PA,39.987325,-76.0205073
Gettysburg,PA,39.8309399,-77.2310908
Girard,PA,42.0003337,-80.3181193
Greensburg,PA,40.3014581,-79.5389289
Greenville,PA,41.404499,-80.3911785
Grove City,PA,41.1579008,-80.0886631
Harleysville,PA,40.278783,-75.3866377497299
Harrisburg,PA,40.2663107,-76.8861122
Hatfield,PA,40.2798274,-75.2993417
Hermitage,PA,41.2333897,-80.44868
Hershey,PA,40.2854881,-76.6506001
Honey Brook,PA,40.0942664,-75.9113306
Horsham,PA,40.1842455,-75.1390522720464
Hummelstown,PA,40.2653681,-76.7083033
Huntingdon Valley,PA,40.1226101,-75.0635049
Imperial,PA,8.9861246,-79.5303377460404
Irwin,PA,40.3245138,-79.7011549
Jamison,PA,41.5131177,-79.4531021
Johnstown,PA,40.3267407,-78.9219698
Kennett Square,PA,39.8467243,-75.7115932
Kinzers,PA,39.9984352,-76.0616197
Lancaster,PA,40.03813,-76.3056686
Langhorne,PA,40.1745538,-74.9226665
Lebanon,PA,40.3429683,-76.4233816
Leetsdale,PA,40.563123,-80.2083928
Levittown,PA,40.1573365,-74.8322796271533
Lititz,PA,40.1571252,-76.3072103
Malvern,PA,40.036202,-75.5138959
Marietta,PA,40.0573456,-76.5531156395954
Martinsburg,PA,40.3111875,-78.3241796
Mckeesport,PA,40.3478472,-79.864215
Mechanicsburg,PA,40.2101972,-77.0047276
Millville,PA,41.120363,-76.5299495
Monroeville,PA,40.4211798,-79.7881025
Morrisville,PA,40.2114978,-74.7879399
Mount Bethel,PA,40.9048188,-75.1115654
Mount Holly Springs,PA,40.1184235,-77.1899817
Mount Union,PA,40.3845217,-77.8822199
New Castle,PA,41.0036719,-80.3470091
Newtown,PA,40.2294046,-74.9365329
Norristown,PA,40.121497,-75.3399048
Oakmont,PA,40.5217347,-79.8422719
Oaks,PA,40.1317722,-75.4596319
Palmyra,PA,40.3088578,-76.5932369
Paoli,PA,40.040739,-75.4928444948136
Paradise,PA,40.0098226,-76.1285655
Parkesburg,PA,39.9587161,-75.9193928
Pen Argyl,PA,40.8687064,-75.2549025
Penn Hills,PA,40.4720652,-79.8197688
Perkasie,PA,40.372048,-75.292676
Philadelphia,PA,39.9524152,-75.1635755
Phoenixville,PA,40.1303822,-75.5149128
Pittsburg,PA,40.4416941,-79.9900861
Pittsburgh,PA,40.4416941,-79.9900861
Pittsburgh (Greenfield),PA,40.4262135,-79.9271617
Plum,PA,40.5003457,-79.7494911
Pottstown,PA,40.2452976,-75.6496424
Quakertown,PA,40.4417682,-75.3415667
Reading,PA,40.335345,-75.9279495
Red Lion,PA,8.9528833,-79.5347569
Richland,PA,40.3592589,-76.2582849
Rose Valley,PA,39.8962229,-75.3849148
Royersford,PA,40.1842688,-75.5379639
Saylorsburg,PA,40.8952667,-75.3233923
Schwenksville,PA,40.256213,-75.4637876
Scranton,PA,41.4086874,-75.6621294
Selinsgrove,PA,40.8062437,-76.8607084
Seven Fields,PA,40.6846423,-80.0615292
Sewickley,PA,40.5364566,-80.1845031
Shamokin Dam,PA,40.848696,-76.8196897
Shippensburg,PA,40.0562262,-77.5139074
Souderton,PA,40.3117707,-75.3251759
State College,PA,40.78791245,-77.8538859448932
Sugarloaf,PA,40.989609,-76.0479033
Talmage,PA,40.0000994,-76.2132902
Tarentum,PA,40.6014555,-79.7597709
Verona,PA,40.5064571,-79.843105
Washington,PA,40.1943798,-80.2541251
Wayne,PA,41.6264414,-75.3045103
Waynesboro,PA,39.7557827,-77.5776512
West Chester,PA,39.9597213,-75.6059638
West Grove,PA,39.8220536,-75.8274413
West Lawn,PA,40.3296765,-75.9938232166565
West Manchester Township,PA,39.9477145,-76.7974714733872
Wexford,PA,40.6264561,-80.055891
Wilkes Barre,PA,41.2464824,-75.8817316
Wyncote,PA,40.0908996,-75.1462402118813
York,PA,39.962398,-76.727392
Zelienople,PA,40.7957622,-80.1370795
Crafton,PA,40.435069,-80.066166
Cumberland,RI,41.9667656,-71.4328363
Johnston,RI,41.8310404,-71.5412101
Newport,RI,41.4899827,-71.3137707
Providence,RI,41.8239891,-71.4128343
Tiverton,RI,41.6225486,-71.1698091
Warwick,RI,41.7002024,-71.4161108
West Warwick,RI,41.7063679,-71.5236633
Aiken,SC,33.5598586,-81.721952
Anderson,SC,34.5068601,-82.6506264
Beaufort,SC,32.4315813,-80.6698286
Bluffton,SC,32.2371465,-80.8603868
Blythewood,SC,34.2143159,-80.973977
Boiling Springs,SC,35.0465081,-81.9817727
Camden,SC,34.2465393,-80.6070238
Cayce,SC,33.9657091,-81.0739827
Chapin,SC,34.1659795,-81.3498212
Charleston,SC,32.7876012,-79.9402728
Chesnee,SC,35.1484549,-81.8609371
Clover,SC,35.112711,-81.2261541781372
Columbia,SC,34.0007493,-81.0343313
Conway,SC,33.8360035,-79.0478143
Easley,SC,34.8269276,-82.5817053
Elgin,SC,34.1709826,-80.794252
Florence,SC,,
Fort Mill,SC,35.0073697,-80.9450759
Gaffney,SC,35.0717945,-81.6498195
Georgetown,SC,33.376834,-79.2944965
Greenville,SC,34.851354,-82.3984882
Greenwood,SC,34.1954001,-82.1617883
Greer,SC,34.9381361,-82.2272119
Hanahan,SC,32.9138914,-80.0088359
Hilton Head Island,SC,32.1618488,-80.7512616
Inman,SC,35.0470617,-82.0901088
Irmo,SC,34.085736,-81.18249
Johns Island,SC,32.7024009,-80.0481488
Ladson,SC,32.9857275,-80.1098123
Ladys Island,SC,32.4501913,-80.6331616
Lake Wylie,SC,35.110418,-81.053796545082
Lexington,SC,33.9815369,-81.2362134
Little River,SC,34.557229,-82.048142
Longs,SC,33.9385051,-78.7330737
Loris,SC,34.0562812,-78.8903044
Moore,SC,34.8334519,-81.9920461
Mount Pleasant,SC,32.7940651,-79.8625851
Mt Pleasant,SC,32.7940651,-79.8625851
Myrtle Beach,SC,33.6956461,-78.8900409
North Augusta,SC,33.5018026,-81.9651153
Okatie,SC,,
Port Royal,SC,32.3790843,-80.6926069
Ridgeland,SC,32.4807435,-80.980386
Rock Hill,SC,34.9248667,-81.0250784
Spartanburg,SC,34.9498007,-81.9320157
Summerville,SC,33.0206179,-80.1747537
Sumter,SC,33.9204354,-80.3414693
Surfside Beach,SC,33.6060031,-78.9730887
Tega Cay,SC,35.024312,-81.0278546
Travelers Rest,SC,34.9676167,-82.4434548
Wagener,SC,33.6523712,-81.3612142
West Columbia,SC,33.9934867,-81.0739826
Westminster,SC,34.6648197,-83.0965425
York,SC,34.9603293,-81.1655408
Rapid City,SD,44.081176,-103.228006
Sioux Falls,SD,43.5499749,-96.700327
Alcoa,TN,35.7895271,-83.9737935
Antioch,TN,35.756467,-84.2179718
Ashland City,TN,36.2742207,-87.0641699
Baneberry,TN,36.0637049,-83.2957206
Brentwood,TN,36.0325687,-86.7825235
Brighton,TN,35.0800851,-86.4391585
Chattanooga,TN,35.0456297,-85.3096801
Clarksville,TN,36.5277607,-87.3588703
Cleveland,TN,35.1595182,-84.8766115
Columbia,TN,35.6150716,-87.0352831
Cordova,TN,35.1556451,-89.7761955
Corryton,TN,36.1536937,-83.7824062
Cosby,TN,35.7581707,-83.2087084
Crossville,TN,35.9489566,-85.0269015
Dandridge,TN,36.0153693,-83.4148895
Dickson,TN,36.1459327,-87.3480592
Fairview,TN,36.4903809,-82.3506955
Franklin,TN,,
Gallatin,TN,36.3883031,-86.4475898
Gatlinburg,TN,35.714259,-83.5101638
Germantown,TN,35.0867577,-89.8100858
Goodlettsville,TN,36.3231067,-86.7133302
Greeneville,TN,36.1631575,-82.8309861
Hendersonville,TN,36.3047735,-86.6199957
Hermitage,TN,36.2149902,-86.6128511
Hixson,TN,35.224368,-85.287125
Jacksboro,TN,36.3300793,-84.1838156
Johnson City,TN,36.3134398,-82.3534728
Kingsport,TN,36.550238,-82.5594293
Kingston,TN,35.8809084,-84.5085447
Knoxville,TN,35.9603948,-83.9210261
Lebanon,TN,36.2079779,-86.2910945
Manchester,TN,35.4597495,-86.0736692670906
Maryville,TN,35.7564719,-83.9704593
Mcminnville,TN,35.683404,-85.7699816
Memphis,TN,35.1490215,-90.0516285
Mount Juliet,TN,36.200055,-86.5186054
Murfreesboro,TN,35.845999,-86.3920452
Nashville,TN,36.1622296,-86.7743531
Oak Ridge,TN,36.0103562,-84.2696449
Old Hickory,TN,36.2597753,-86.6477741
Ooltewah,TN,35.0749981,-85.062197
Paris,TN,36.3020023,-88.3267107
Pigeon Forge,TN,35.7884241,-83.5543329
Pleasant View,TN,35.7736987,-83.7315611
Powell,TN,36.0317472,-84.0279677
Sevierville,TN,35.8681455,-83.561835
Spring Hill,TN,35.751179,-86.9300023
Tellico Plains,TN,35.3626008,-84.2940223
Waverly,TN,36.0829998,-87.7945852
White House,TN,36.4703232,-86.6513845
Addison,TX,32.9604305,-96.8302595189363
Allen,TX,33.1031744,-96.6705503
Arlington,TX,32.701939,-97.1057149357776
Athens,TX,32.2048735,-95.8555207
Aubrey,TX,33.3142085,-96.9756322949702
Austin,TX,30.2711286,-97.7436995
Bacliff,TX,29.5068965,-94.992427
Bastrop,TX,30.1104947,-97.3152701
Baytown,TX,29.7355047,-94.9774274
Beaumont,TX,30.0860459,-94.1018461
Bedford,TX,32.844017,-97.1430671
Belton,TX,31.0560132,-97.464453
Blossom,TX,33.6614962,-95.3857864
Bowie,TX,33.4198886,-94.4479626
Bridge City,TX,30.0207678,-93.8457255
Bryan,TX,30.6580876,-96.3527774205964
Buda,TX,30.0852135,-97.8402827
Bulverde,TX,29.7438332,-98.4530729
Burleson,TX,32.5420821,-97.3208492
Burnet,TX,30.7573109,-98.2289007
Cameron,TX,30.8532454,-96.9769304
Carrollton,TX,32.9537349,-96.8902816
Cedar Creek,TX,32.5131189,-96.1097952
College Station,TX,30.6253463,-96.3271538
Conroe,TX,30.3118769,-95.4560512
Copperas Cove,TX,31.124062,-97.9030785
Corpus Christi,TX,27.8002542,-97.3955744
Corsicana,TX,32.091299,-96.4646821
Crowley,TX,32.5790251,-97.3625172
Cypress,TX,29.9691116,-95.6971686
Dallas,TX,32.7762719,-96.7968559
Desoto,TX,32.6060145,-96.8656575351241
Denton,TX,33.1838787,-97.1413417
Dripping Springs,TX,30.1902067,-98.0866781
El Paso,TX,31.7600372,-106.487287
Elgin,TX,30.349351,-97.3705762
Euless,TX,32.8465405,-97.0667362924056
Fairview,TX,33.1578952,-96.6316593
Floresville,TX,29.1335781,-98.1561192
Flower Mound,TX,33.0145673,-97.0969552
Forney,TX,32.747893,-96.4719289
Fort Worth,TX,32.753177,-97.3327459
Friendswood,TX,29.5293998,-95.2010447
Frisco,TX,33.1506744,-96.8236116
Ft. Worth,TX,32.753177,-97.3327459
Galveston,TX,29.299328,-94.7945882
Garland,TX,32.912624,-96.6388833
Georgetown,TX,30.6665525,-97.6779637977368
Granbury,TX,32.4420826,-97.7941967
Grand Prairie,TX,32.657368,-97.0284662417504
Granite Shoals,TX,30.589077,-98.3839153
Grapevine,TX,32.9342919,-97.0780654
Haltom City,TX,32.7995738,-97.2691817
Harker Heights,TX,31.0835102,-97.6597377
Haslet,TX,32.974847,-97.3477957
Highland Village,TX,33.091788,-97.0466759
Houston,TX,29.7589382,-95.3676974
Humble,TX,29.9988312,-95.2621553
Hurst,TX,32.8234621,-97.1705678
Irving,TX,32.8295183,-96.9442177
Justin,TX,33.0848442,-97.2961286
Katy,TX,29.7857853,-95.8243956
Keller,TX,32.9299655,-97.2271249
Kemah,TX,29.5427297,-95.0204837
Kerrville,TX,30.0474332,-99.1403189
Kilgore,TX,32.3860733,-94.8758518
Killeen,TX,31.1171441,-97.727796
Kingwood,TX,30.0497077,-95.1846301
Kyle,TX,29.9892928,-97.8772103
La Porte,TX,29.6657838,-95.0193729
La Vernia,TX,29.356348,-98.1155633
Laguna Vista,TX,26.1009111,-97.2902543
Lampasas,TX,31.063784,-98.1816957
League City,TX,29.5074538,-95.0949303
Lewisville,TX,33.046233,-96.994174
Little Elm,TX,33.1626194,-96.9375051
Lockhart,TX,29.8849441,-97.6699996
Longview,TX,32.5007038,-94.7404891
Magnolia,TX,30.2093794,-95.7507815
Malakoff,TX,32.1695965,-96.0124678
Mansfield,TX,32.5631924,-97.1416768
Manvel,TX,29.4627365,-95.357994
Mckinney,TX,33.1976496,-96.6154471
Mesquite,TX,32.7666103,-96.599472
Midlothian,TX,32.482361,-96.9944489
Missouri City,TX,29.6185669,-95.5377215
Montgomery,TX,30.301949,-95.5065944
New Braunfels,TX,29.7028266,-98.1257348
North Richland Hills,TX,32.8342952,-97.2289029
Pasadena,TX,29.6910625,-95.2091006
Pearland,TX,29.5639758,-95.2864299
Pflugerville,TX,30.4393696,-97.6200043
Pharr,TX,26.1947962,-98.1836216
Plano,TX,33.0136764,-96.6925096
Pollok,TX,31.4465701,-94.8721557
Pottsboro,TX,33.759271,-96.6694402
Red Oak,TX,32.5117104,-96.8083633287005
Red Rock,TX,29.9596656,-97.4461058
Richardson,TX,32.9481789,-96.7297206
Richmond,TX,29.5821811,-95.7607832
Roanoke,TX,33.0040126,-97.2258483
Rockwall,TX,32.9312336,-96.4597089
Round Rock,TX,30.508235,-97.6788934
Rowlett,TX,32.9029017,-96.56388
Royse City,TX,32.9750924,-96.3325215
San Angelo,TX,31.4648357,-100.4398442
San Antonio,TX,29.4246002,-98.4951405
San Marcos,TX,29.8826436,-97.9405828
Schertz,TX,29.5641617,-98.2695702
Seabrook,TX,29.5633199,-95.019723
Sealy,TX,29.7807878,-96.1571834
Shenandoah,TX,30.1802151,-95.4557726
Sherman,TX,33.6360125,-96.6097889
Southlake,TX,32.9412363,-97.1341783
Spring,TX,31.8160381,-99.5120986
Sugar Land,TX,29.6196787,-95.6349463
Taylor,TX,30.571087,-97.4091771
Temple,TX,31.098207,-97.3427847
Texarkana,TX,33.4254684,-94.0430977
The Colony,TX,33.0890094,-96.8863922
The Woodlands,TX,30.1734194,-95.504686
Tolar,TX,32.3890274,-97.92059
Tomball,TX,30.0971621,-95.6160549
Tyler,TX,32.3512601,-95.3010624
Van Alstyne,TX,33.4214995,-96.5772109
Vidor,TX,30.1316001,-94.0154542
Waxahachie,TX,32.3865312,-96.8483311
Wimberley,TX,29.9974386,-98.0986268
Wylie,TX,33.0151201,-96.5388789
Eden,UT,41.3004965,-111.8121612
Herriman,UT,40.5140894,-112.0328198
Kamas,UT,40.6429578,-111.2805182
Lehi,UT,40.3880902,-111.8491619
Magna,UT,40.70268345,-112.089201928148
Murray Ut,UT,40.6667841,-111.888417
Ogden,UT,41.2230048,-111.9738429
Park City,UT,40.6460635,-111.4979741
Provo,UT,40.2338438,-111.6585337
Riverton,UT,40.5220027,-111.9391003
Salt Lake City,UT,40.7670126,-111.8904308
Sandy,UT,40.572851,-111.833449631627
Saratoga Springs,UT,40.3491173,-111.9046567
South Jordan,UT,40.5621704,-111.929658
Springville,UT,40.1668572,-111.6109221
Tooele,UT,40.5307776,-112.29828
Vernal,UT,40.4556577,-109.526696
West Jordan,UT,40.6096698,-111.9391031
West Valley City,UT,40.696629,-111.9867271
Aldie,VA,38.9758064,-77.6428403
Alexandria,VA,38.8147596,-77.0902476527272
Annandale,VA,38.8303098,-77.1964966
Appomattox,VA,37.3570894,-78.8252911
Arlington,VA,38.8903961,-77.0841585
Ashburn,VA,39.0437192,-77.4874899
Bedford,VA,37.3123905,-79.5399003
Blacksburg,VA,37.2296566,-80.4136767
Bridgewater,VA,38.3820655,-78.9766975
Bristol,VA,36.5959685,-82.1885009
Bristow,VA,38.7233263,-77.5365669
Buena Vista,VA,37.7342962,-79.3539292
Burkeville,VA,37.1876529,-78.2013859
Centreville,VA,38.8403909,-77.4288769
Chantilly,VA,38.8943792,-77.4305118
Charlottesvile,VA,38.03143675,-78.4917955597292
Charlottesville,VA,38.029306,-78.4766781
Chesapeake,VA,36.7183708,-76.2466798
Chesterfield,VA,37.3859982,-77.578509
Crozet,VA,38.071572,-78.702015205036
Culpeper,VA,38.4733823,-77.9961275
Dillwyn,VA,37.5429251,-78.4572238
Dumfries,VA,38.5676202,-77.3280382
Dungannon,VA,36.828056,-82.4674325909091
Elkton,VA,38.4079075,-78.6236329
Fairfax,VA,38.8462236,-77.3063733
Fairfax Station,VA,38.800859,-77.3256803
Falls Church,VA,38.882334,-77.1710914
Fancy Gap,VA,36.6665212,-80.6918684
Fredericksburg,VA,38.2967927,-77.483409
Gainesville,VA,38.7951501,-77.6141404
Gate City,VA,36.6378774,-82.5809876
Glen Allen,VA,37.6659781,-77.506374
Gordonsville,VA,38.1373578,-78.187781
Great Falls,VA,38.9981653,-77.2883157
Hampton,VA,37.0300969,-76.3452057
Harrisonburg,VA,38.4493315,-78.8688833
Haymarket,VA,38.8121398,-77.6368038
Henrico,VA,37.5455191,-77.4234124
Herndon,VA,38.9695316,-77.3859479
King George,VA,38.2786312,-77.175356
Lake Ridge,VA,38.687894,-77.2977618
Lebanon,VA,36.9009076,-82.0801257
Leesburg,VA,39.1154496,-77.5645446
Locust Grove,VA,37.7234753,-77.0077471
Lyndhurst,VA,38.0293036,-78.9450242
Madison Heights,VA,37.4309757,-79.1230795
Manakin Sabot,VA,37.6015358,-77.7149928
Manassas,VA,38.744947,-77.4824442252427
Mc Lean,VA,35.047667,-89.493215
Mclean,VA,38.9342888,-77.1776327
Midlothian,VA,37.5062673,-77.649268
Moneta,VA,37.1812537,-79.6172536
Newport News,VA,36.9786449,-76.4321089
No. Chesterfield,VA,37.35955265,-77.5849708959719
Norfolk,VA,36.8462923,-76.2929252
Petersburg,VA,37.1924594,-77.3677408
Portsmouth,VA,36.8354258,-76.2982742
Purcellville,VA,39.1367717,-77.7147153
Quantico,VA,38.5228755,-77.2901863044786
Reston,VA,38.9584018,-77.3579743
Richmond,VA,37.5385087,-77.43428
Roanoke,VA,37.274532,-79.9602096795782
Spring Grove,VA,37.1657049,-76.9732977
Springfield,VA,38.7890522,-77.1870368
Stafford,VA,38.4167265,-77.4579783
Sterling,VA,39.0016194,-77.4032011
Stuarts Draft,VA,38.0301405,-79.0336393
Suffolk,VA,36.7282096,-76.5835703
Thaxton,VA,37.3529172,-79.6164233
Vienna,VA,38.9013729,-77.2651762
Virginia Beach,VA,36.8529841,-75.9774183
Warrenton,VA,38.7135498,-77.795367
Warsaw,VA,37.9587465,-76.7580211
Waynesboro,VA,38.0652286,-78.9058876592407
Williamsburg,VA,37.2708788,-76.7074042
Winchester,VA,39.1852184,-78.1652404
Woodbridge,VA,38.6581723,-77.2497049
Yorktown,VA,37.2378875,-76.5080633
Barre,VT,44.197467,-72.502213
Brattleboro,VT,42.8509152,-72.5578678
Colchester,VT,44.54791,-73.155899
Lyndonville,VT,44.53389645,-72.0028279756074
Rutland,VT,43.6106237,-72.9726065
South Burlington,VT,44.4669941,-73.1709604
Airway Heights,WA,47.644611,-117.5932728
Battle Ground,WA,45.7813532,-122.5337433
Bellevue,WA,47.6144219,-122.1923372
Bellingham,WA,48.754402,-122.4788602
Bonney Lake,WA,47.1870191,-122.1702293
Bothell,WA,47.7598697,-122.2068288
Bremerton,WA,47.5653663,-122.6246836
Burien,WA,47.469918,-122.3485274
Camano Island,WA,48.1625483,-122.495026819736
Camas,WA,45.5911103,-122.4122248
Cheney,WA,47.4873895,-117.5757676
Duvall,WA,47.7423219,-121.9856782
Edmonds,WA,47.8105738,-122.3774952
Elk,WA,53.8249697,22.361359
Ellensburg,WA,46.9970635,-120.5451223
Enumclaw,WA,47.2047793,-121.9916371
Everett,WA,47.9673056,-122.2013998
Fairchild Air Force Base,WA,47.6162458,-117.64702460031
Federal Way,WA,47.313494,-122.3393103
Gig Harbor,WA,47.3259697,-122.5878659
Graham,WA,47.0395996,-122.2785729
Hoodsport,WA,47.4059259,-123.1393227
Issaquah,WA,47.5348778,-122.0432974
Kelso,WA,46.1420334,-122.9060318
Kent,WA,47.3826903,-122.2270272
Kirkland,WA,47.6859573,-122.1920249
La Center,WA,47.2868352,-120.2126139
La Conner,WA,48.3935161,-122.492647065895
Lacey,WA,47.0263876,-122.8072257
Lake Stevens,WA,48.0197794,-122.0660914
Lakewood,WA,47.1717649,-122.518458
Langley,WA,48.0399806,-122.4094051
Lewis Mcchord,WA,47.1138752,-122.536944499792
Liberty Lake,WA,47.6681145,-117.1048656
Lynnwood,WA,47.8278656,-122.3053932
Maple Valley,WA,47.3664231,-122.0437127
Marysville,WA,48.0517429,-122.1768209
Mill Creek,WA,47.8577455,-122.2210628
Monroe,WA,47.862745,-121.987547016841
Mount Vernon,WA,48.4200462,-122.32642
North Bend,WA,47.4931725,-121.7878299535
Ocean Shores,WA,46.973703,-124.156277
Olalla,WA,47.4305404,-122.5429467
Olympia,WA,47.0450197,-122.8948725
Port Hadlock,WA,48.0317611,-122.7582269
Port Orchard,WA,47.5315625,-122.6384056
Poulsbo,WA,47.7391366,-122.63928
Puyallup,WA,47.1849009,-122.2921406
Redmond,WA,47.6694141,-122.1238767
Renton,WA,47.4799078,-122.2034496
Ridgefield,WA,45.8167616,-122.7433775
Roy,WA,47.0042643,-122.539846
Sammamish,WA,47.6088445,-122.0423067
Seatac,WA,47.4449086,-122.2830842
Seattle,WA,47.6038321,-122.3300624
Seaview,WA,47.6712824,-122.4052826
Sequim,WA,48.0849312,-123.1096706
Shelton,WA,47.2150945,-123.1007066
Shoreline,WA,47.7558829,-122.341042728006
Silverdale,WA,47.6594091,-122.6766317
Snohomish,WA,48.0074736,-121.7304882
Spokane,WA,47.6579425,-117.4212265
Spokane Valley,WA,47.6691967,-117.1966687
Stanwood,WA,48.2452535,-122.349533639932
Tacoma,WA,47.2495798,-122.4398746
Tumwater,WA,47.0077652,-122.9110785
University Place,WA,47.216134,-122.540082987796
Vancouver,WA,45.6306954,-122.6744557
Washougal,WA,45.5819594,-122.3479921
Yakima,WA,46.601557,-120.5108421
Yelm,WA,46.9413877,-122.6063902
Appleton,WI,44.2611337,-88.4067604
Beloit,WI,42.5083272,-89.031784
Bonduel,WI,44.7402679,-88.4448243
Brown Deer,WI,43.1642538,-87.964278
De Forest,WI,53.4132858,9.4228503
Dousman,WI,43.014176,-88.4725983
Elkhart Lake,WI,43.8333269,-88.0178729
Fitchburg,WI,43.0020919,-89.423817
Fond Du Lac,WI,43.7748763,-88.4458033
Germantown,WI,43.2286174,-88.1103691
Grafton,WI,43.3197265,-87.9534226
Green Bay,WI,44.5126379,-88.0125794
Hartland,WI,43.105008,-88.3420398
Janesville,WI,42.6829765,-89.0226793
Kenosha,WI,42.5846773,-87.8212263
Kimberly,WI,44.2717086,-88.3400807
Kohler,WI,43.7391616,-87.7817541
Lake Geneva,WI,42.5916836,-88.4334301
Little Chute,WI,44.2799872,-88.3184394
Lomira,WI,43.591382,-88.443713
Madison,WI,43.074761,-89.3837613
Mauston,WI,43.7971946,-90.0773495
Mayville,WI,43.4942003,-88.5448278
Mequon,WI,43.2219088,-87.9822969
Middleton,WI,43.0962919,-89.5119565
Milwaukee,WI,43.0349931,-87.922497
New Glarus,WI,42.8145157,-89.6338752
Oak Creek,WI,42.8858503,-87.8631362
Oshkosh,WI,44.0206919,-88.5408574
Platteville,WI,42.7342942,-90.4784451
Portage,WI,44.4604931,-89.5108818
Racine,WI,42.7260523,-87.7825242
Ripon,WI,43.8424502,-88.8372972
Sheboygan,WI,43.7508284,-87.71453
South Milwaukee,WI,42.9105722,-87.8606367
Sturgeon Bay,WI,44.8341639,-87.377042
Sun Prairie,WI,43.1834579,-89.2134359
Sussex,WI,43.1339001,-88.2220372
Thiensville,WI,43.2375067,-87.9787001
Two Rivers,WI,44.1538845,-87.5692479
Verona,WI,42.9905492,-89.5335575
Waukesha,WI,43.0116784,-88.2314813
Wauwatosa,WI,43.0494122,-88.0079271
West Bend,WI,43.4252776,-88.1834277
Westfield,WI,43.8870995,-89.4903782
Whitefish Bay,WI,43.1133445,-87.9000856
Whitewater,WI,42.8336422,-88.7292679
Waterloo,WI,43.1838844,-88.9884421
Bluefield,WV,37.2698395,-81.2223195
Bunker Hill,WV,37.5195654,-80.8195248
Charles Town,WV,39.2891836,-77.859581
Falling Waters,WV,39.5592639,-77.8908301
Harpers Ferry,WV,39.323418,-77.7319766
Huntington,WV,38.4192496,-82.445154
Martinsburg,WV,39.4562528,-77.9639604
Ranson,WV,39.2952821,-77.8603829
Saint Albans,WV,38.3856488,-81.836241
Shepherdstown,WV,39.4300996,-77.804161
Centennial,WY,41.297896,-106.1393691
Cheyenne,WY,41.139981,-104.820246
